Name, #Commits, #Contributors, #Languages, #Brench, #Forks, #Stars, #Releases, #Pull request, #Iusses
dubbo, 6160, 405, 7, 28, 22687, 38286, 69, 55, 625
kibble-1, 667, 9, 6, 4, 31, 56, 0, 6, 33
AlBERTo-it, 55, 1, 2, 1, 5, 65, 0, 0, 5
MaterialEditText, 9, 1, 1, 1, 0, 0, 0, 0, 1
search, 338, 29, 1, 5, 168, 351, 0, 4, 8
search, 73, 2, 3, 1, 161, 206, 0, 0, 2
the_silver_searcher, 2057, 200, 6, 55, 1326, 24554, 0, 124, 534
cron-as-a-service, 3, 1, 1, 1, 25, 71, 0, 3, 5
A3GridTableView, 11, 0, 1, 1, 33, 115, 0, 1, 3
q2a-open-login, 91, 9, 3, 2, 40, 58, 0, 1, 12
a33_bootloader, 2, 1, 20, 1, 10, 3, 0, 0, 0
hotshots-admin-angular2, 13, 1, 4, 1, 44, 39, 0, 0, 1
PinterestAnimator, 43, 1, 3, 1, 100, 658, 2, 2, 5
garb, 161, 4, 1, 1, 83, 663, 0, 3, 25
RedEnvelopeAssistant, 20, 2, 1, 1, 279, 573, 0, 0, 3
GTScrollNavigationBar, 90, 6, 3, 1, 85, 555, 0, 3, 13
APNS, 33, 6, 1, 1, 165, 547, 0, 15, 37
vue-tap, 86, 7, 2, 1, 110, 538, 0, 1, 17
apt-vim, 251, 6, 2, 2, 33, 478, 0, 0, 12
clank, 247, 3, 4, 3, 83, 890, 1, 1, 22
WCFastCell, 48, 2, 0, 1, 35, 528, 0, 0, 0
Core-Animation-Demos, 20, 1, 1, 1, 86, 507, 0, 0, 0
cordova-imagePicker, 95, 9, 3, 4, 353, 403, 5, 25, 194
node-control, 49, 2, 1, 1, 30, 390, 0, 5, 9
backbone-couchdb, 119, 13, 2, 3, 53, 362, 0, 8, 19
Swell, 25, 3, 3, 1, 33, 361, 1, 11, 16
Chain, 41, 1, 1, 2, 19, 347, 3, 2, 9
chef-libqt4, 3, 2, 1, 1, 738, 344, 0, 0, 0
flink, 32655, 283, 18, 109, 11356, 20509, 0, 972, 972
thrift, 6712, 324, 36, 32, 3742, 9538, 10, 38, 38
hive, 16577, 254, 25, 48, 3963, 4622, 0, 71, 71
tomcat, 24806, 91, 10, 6, 4353, 6466, 0, 14, 14
vscode, 104904, 346, 44, 642, 23794, 141743, 89, 328, 5888
Microsoft-Activation-Scripts, 74, 2, 2, 1, 2692, 23837, 6, 0, 0
funNLP, 143, 9, 1, 1, 11432, 46166, 0, 2, 12
Awesome, 523, 129, 0, 2, 2137, 21314, 0, 65, 107
awesome-dotnet-core, 1253, 227, 1, 1, 2513, 17350, 0, 131, 150
CNTK, 16117, 190, 20, 1074, 4313, 17300, 32, 86, 842
linux-command, 1056, 127, 5, 5, 4624, 22562, 23, 3, 56
linuxkit, 8110, 143, 10, 1, 942, 7662, 9, 40, 339
spring-analysis, 99, 5, 1, 8, 3952, 12285, 0, 7, 17
networkx, 7169, 424, 1, 8, 2751, 12137, 50, 221, 403
pandas, 31315, 413, 10, 16, 15360, 36640, 92, 146, 3681
roslyn, 94485, 274, 11, 262, 3721, 16962, 58, 446, 8727
insightface, 2145, 46, 7, 1, 4054, 13333, 0, 20, 1206
phpstan, 8845, 232, 4, 19, 818, 11613, 240, 6, 780
AudioKit, 12386, 175, 1, 4, 1436, 9562, 81, 5, 14
binwalk, 1235, 70, 3, 7, 1335, 8899, 9, 44, 168
TextBlob, 562, 28, 1, 10, 1076, 8412, 3, 12, 109
kubescape, 2092, 92, 8, 13, 638, 7719, 150, 14, 59
semgrep, 4716, 118, 40, 342, 423, 7639, 154, 15, 453
vue-analysis, 282, 31, 4, 27, 1597, 7318, 0, 38, 63
android-open-project-analysis, 1061, 59, 0, 3, 2187, 6655, 0, 1, 7
angr, 11676, 208, 4, 116, 943, 6340, 0, 55, 271
deepface, 904, 29, 4, 1, 1142, 5375, 0, 1, 3
pyAudioAnalysis, 775, 22, 5, 4, 1100, 5108, 0, 15, 187
angularUtils, 233, 27, 3, 1, 874, 2016, 0, 14, 84
awesome-chatgpt-prompts, 294, 55, 1, 1, 1625, 18216, 0, 100, 139
docs, 36063, 432, 6, 10, 57922, 12788, 0, 45, 146
frida, 3992, 36, 5, 1, 1249, 11458, 526, 1, 1222
essential-js-design-patterns, 537, 65, 3, 2, 684, 4197, 3, 8, 33
emscripten, 25099, 392, 12, 275, 2924, 23226, 0, 216, 1410
clojurescript, 6106, 185, 7, 25, 754, 9007, 79, 3, 3
marked, 2937, 149, 3, 1, 3137, 28981, 89, 3, 33
chibicc, 316, 1, 4, 4, 654, 7085, 0, 21, 84
tvm, 10062, 389, 21, 19, 2713, 8960, 11, 145, 560
rust, 215706, 436, 22, 6, 9977, 76949, 106, 709, 9540
9cc, 267, 2, 4, 1, 147, 1708, 0, 4, 14
Compiler, 15, 1, 3, 1, 72, 250, 0, 0, 1
wcc, 82, 16, 8, 1, 107, 1746, 2, 1, 3
teavm, 2702, 46, 7, 29, 222, 2141, 11, 31, 171
solc-js, 870, 35, 3, 22, 268, 1219, 0, 10, 63
babygo, 1648, 1, 5, 2, 14, 233, 3, 0, 13
DFFRAM, 265, 11, 6, 6, 29, 73, 1, 1, 24
arduino-builder, 716, 19, 1, 4, 117, 445, 78, 9, 47
AppleALC, 1587, 203, 5, 4, 903, 3137, 82, 3, 3
awesome-mac, 1837, 439, 2, 6, 5510, 57170, 6, 39, 128
appwrite, 14266, 294, 4, 640, 2368, 28790, 54, 123, 671
Aerial, 1328, 52, 4, 1, 1021, 20347, 189, 0, 57
MonitorControl, 229, 61, 2, 2, 632, 20334, 23, 0, 58
CodeEdit, 1685, 86, 4, 7, 775, 16322, 15, 1, 111
awesome-macOS, 858, 137, 0, 3, 994, 13864, 1, 5, 5
monkeytype, 8599, 435, 8, 8, 1349, 9065, 134, 3, 37
MonkeyType, 326, 43, 1, 2, 155, 4111, 0, 0, 32
azure-powershell, 36867, 333, 10, 513, 3253, 3439, 370, 96, 1047
localstack, 3992, 431, 13, 63, 3407, 45628, 59, 44, 333
linkedin-skill-assessments-quizzes, 5761, 468, 1, 1, 11744, 22357, 1, 1, 37
awesome-kubernetes, 1134, 333, 3, 4, 1974, 13483, 5, 4, 8
kubespray, 6949, 385, 10, 18, 5398, 13405, 58, 27, 130
jsplumb, 7898, 30, 4, 74, 1441, 7280, 0, 8, 105
mattermost-webapp, 11822, 399, 7, 437, 2715, 2218, 117, 194, 194
solidity, 23097, 365, 10, 313, 4391, 19301, 100, 39, 1072
awesome-solidity, 326, 77, 0, 1, 781, 5641, 0, 4, 5
full-blockchain-solidity-course-js, 137, 23, 0, 1, 1729, 7380, 0, 10, 32
learning-solidity, 138, 6, 5, 24, 567, 1995, 0, 8, 10
keras, 7675, 424, 4, 146, 18591, 57151, 45, 108, 393
scikit-learn, 29526, 415, 7, 30, 23180, 52674, 32, 599, 2139
PythonDataScienceHandbook, 234, 15, 5, 6, 15392, 37227, 0, 89, 186
Probabilistic-Programming-and-Bayesian-Methods-for-Hackers, 1096, 134, 5, 3, 7231, 25202, 0, 46, 197
data-science-ipython-notebooks, 543, 12, 4, 2, 7008, 24557, 0, 15, 27
spaCy, 15809, 402, 12, 62, 3951, 25085, 110, 27, 103
ML-From-Scratch, 374, 6, 1, 1, 4090, 21887, 0, 18, 48
go, 370, 34, 0, 4, 6053, 22459, 0, 63, 91
ipython, 26268, 422, 5, 26, 4277, 15669, 29, 79, 1570
Virgilio, 1371, 32, 6, 12, 2440, 13385, 0, 5, 19
awesome-datascience, 967, 198, 0, 1, 4844, 20429, 2, 0, 0
dash, 6536, 109, 7, 33, 1799, 17984, 48, 41, 732
gensim, 4427, 392, 7, 18, 4109, 13894, 42, 28, 391
stanford-cs-229-machine-learning, 178, 2, 0, 1, 3389, 14483, 0, 0, 13
dive-into-machine-learning, 350, 32, 0, 2, 1875, 11110, 0, 0, 0
Awesome-pytorch-list, 748, 73, 0, 1, 2636, 13707, 0, 0, 0
tflearn, 613, 121, 1, 9, 2324, 9591, 8, 19, 570
awesome-bigdata, 571, 147, 0, 1, 2336, 11625, 0, 29, 34
allennlp, 2719, 255, 8, 27, 2169, 11376, 59, 11, 91
streamlit, 5225, 151, 10, 183, 1982, 22309, 51, 16, 578
gridstudio, 202, 11, 9, 5, 1516, 8808, 0, 3, 38
mit-deep-learning, 64, 4, 1, 2, 2058, 9478, 0, 12, 16
data-science, 100, 14, 0, 1, 2712, 16142, 0, 0, 1
OpenRefine, 7370, 271, 8, 20, 1713, 9236, 41, 21, 639
recommenders, 8228, 92, 5, 6, 2581, 14879, 12, 3, 149
tpot, 2390, 72, 3, 7, 1483, 8910, 27, 14, 279
ds-cheatsheets, 51, 10, 0, 1, 3230, 11767, 0, 3, 6
mlcourse.ai, 65, 4, 4, 2, 5454, 8579, 1, 0, 0
nni, 2868, 171, 9, 74, 1707, 12425, 38, 25, 294
python-machine-learning-book-2nd-edition, 198, 2, 5, 10, 2631, 6756, 0, 2, 33
roughViz, 133, 10, 2, 20, 214, 6429, 0, 15, 30
boltons, 1508, 67, 1, 4, 337, 6041, 19, 16, 61
lightning, 8624, 448, 9, 130, 2665, 21319, 123, 50, 620
industry-machine-learning, 159, 6, 1, 1, 1059, 6704, 0, 0, 0
data-science-blogs, 363, 86, 1, 1, 1281, 6026, 0, 7, 8
catboost, 45298, 172, 40, 14, 1064, 6894, 81, 33, 488
dvc, 8341, 253, 4, 10, 1012, 10981, 415, 8, 622
nteract, 11226, 156, 8, 136, 557, 5954, 66, 25, 183
pandas-profiling, 1221, 88, 9, 27, 1405, 10057, 39, 11, 140
data-science-from-scratch, 89, 6, 1, 3, 3800, 7421, 0, 24, 74
featuretools, 1231, 64, 2, 43, 825, 6472, 123, 2, 162
h2o-3, 31578, 161, 23, 2505, 1922, 6119, 0, 64, 64
smile, 3082, 51, 15, 9, 1091, 5664, 23, 0, 9
machine_learning_examples, 366, 4, 1, 1, 5691, 7191, 0, 23, 31
tsfresh, 522, 76, 4, 11, 1082, 7024, 12, 9, 66
Data-Analysis-and-Machine-Learning-Projects, 113, 8, 2, 1, 1896, 5443, 0, 1, 11
Data-Science-Wiki, 147, 16, 0, 2, 747, 4915, 0, 0, 6
d2l-en, 6275, 272, 5, 10, 3444, 16236, 14, 9, 66
edward, 1796, 76, 5, 21, 757, 4754, 28, 35, 221
pachyderm, 21558, 154, 12, 1198, 542, 5765, 364, 188, 884
imbalanced-learn, 805, 66, 4, 10, 1173, 6216, 31, 16, 51
knowledge-repo, 1222, 55, 10, 140, 674, 5260, 32, 4, 125
stanford-cs-230-deep-learning, 76, 2, 0, 1, 1212, 5594, 0, 0, 6
serenata-de-amor, 2364, 101, 7, 28, 664, 4438, 0, 19, 73
awesome-R, 422, 89, 1, 2, 1323, 5340, 0, 7, 8
rodeo, 1190, 5, 7, 11, 435, 3937, 39, 4, 233
DataSciencePython, 112, 7, 2, 1, 1313, 4716, 0, 10, 10
snorkel, 2684, 68, 1, 10, 830, 5379, 15, 1, 21
python-small-examples, 147, 3, 1, 3, 1626, 7340, 0, 1, 1
hydrogen, 2371, 78, 4, 9, 372, 3834, 92, 6, 171
courses, 261, 13, 7, 4, 9213, 3945, 0, 67, 93
cookiecutter-data-science, 147, 40, 4, 8, 1902, 6432, 1, 10, 51
Data-Science-Notes, 70, 1, 2, 1, 2917, 7138, 0, 4, 13
metaflow, 609, 62, 9, 66, 580, 6345, 69, 43, 247
pyod, 1651, 37, 2, 2, 1216, 6657, 34, 20, 160
Data-Analysis, 374, 5, 6, 3, 3463, 4590, 0, 3, 33
d2l-pytorch, 188, 23, 3, 2, 1061, 3990, 0, 4, 13
spark-notebook, 2326, 64, 10, 20, 644, 3127, 18, 0, 207
mlxtend, 1551, 82, 2, 8, 789, 4224, 26, 16, 128
probability, 11772, 360, 4, 28, 1002, 3845, 45, 70, 606
scikit-learn-videos, 54, 2, 2, 2, 2462, 3515, 0, 2, 2
tensorwatch, 112, 12, 3, 1, 349, 3275, 0, 1, 52
data-science-at-the-command-line, 432, 26, 11, 2, 723, 3428, 1, 10, 29
xlearn, 1342, 25, 10, 1, 527, 3032, 15, 11, 195
deep-learning-book, 298, 2, 2, 31, 718, 2741, 0, 0, 2
shogun, 17588, 179, 13, 60, 1035, 2925, 10, 11, 428
chartify, 200, 17, 2, 5, 293, 3260, 18, 4, 45
python-is-cool, 19, 5, 1, 1, 515, 3278, 0, 1, 3
computervision-recipes, 906, 40, 10, 26, 1080, 8813, 3, 6, 65
Learn_Data_Science_in_3_Months, 4, 1, 0, 1, 964, 2705, 0, 6, 9
polyaxon, 10032, 90, 0, 16, 319, 3238, 0, 2, 121
telegram-list, 2061, 327, 0, 2, 707, 3881, 0, 9, 13
LearnDataScience, 64, 5, 3, 2, 1552, 2830, 0, 4, 4
r4ds, 1860, 238, 3, 4, 3603, 3831, 1, 1, 6
gophernotes, 400, 28, 3, 4, 230, 3461, 17, 1, 53
datascience, 666, 12, 0, 1, 571, 3639, 0, 0, 0
orange3, 14602, 94, 6, 4, 864, 3913, 37, 23, 95
autogluon, 1502, 93, 2, 39, 673, 5260, 25, 27, 231
Flux.jl, 4638, 201, 1, 54, 543, 3978, 72, 76, 272
tablesaw, 2501, 73, 3, 14, 592, 3107, 79, 8, 109
prefect, 13787, 114, 11, 169, 1090, 11071, 163, 38, 706
lgo, 169, 6, 5, 3, 117, 2283, 0, 3, 26
koalas, 1548, 50, 2, 1, 337, 3246, 47, 10, 111
tad, 516, 4, 7, 6, 118, 2568, 12, 3, 104
eli5, 1198, 12, 4, 9, 314, 2634, 0, 20, 164
120-Data-Science-Interview-Questions, 47, 13, 0, 1, 1082, 3224, 0, 8, 9
tensorflow, 142267, 411, 27, 57, 86249, 170667, 184, 234, 2361
awesome-machine-learning, 1827, 443, 1, 2, 12628, 57498, 0, 1, 1
pytorch, 56016, 350, 27, 13441, 16912, 62049, 43, 754, 10618
tesseract, 6167, 160, 9, 10, 7916, 48673, 24, 14, 378
face_recognition, 238, 50, 3, 7, 12493, 47109, 2, 21, 697
caffe, 4156, 259, 8, 7, 13977, 33085, 14, 286, 1181
faceswap, 1705, 80, 3, 6, 11945, 43294, 3, 2, 17
100-Days-Of-ML-Code, 109, 6, 0, 2, 9569, 39525, 0, 29, 29
julia, 53564, 403, 19, 758, 5020, 41446, 134, 909, 4399
Made-With-ML, 43, 1, 1, 1, 5096, 32163, 0, 6, 6
machine-learning-for-software-engineers, 298, 35, 0, 2, 5402, 26471, 0, 7, 21
awesome-deep-learning-papers, 168, 29, 2, 1, 4187, 24216, 0, 19, 34
handson-ml, 509, 38, 5, 3, 12357, 24961, 0, 16, 134
xgboost, 6165, 411, 17, 19, 8039, 23700, 48, 49, 351
fastai, 2615, 218, 3, 1, 7163, 23297, 47, 13, 137
openpose, 705, 96, 7, 3, 7208, 25788, 15, 11, 208
Coursera-ML-AndrewNg-Notes, 117, 10, 2, 2, 9769, 26834, 0, 12, 60
ML-From-Scratch, 374, 6, 1, 1, 4090, 21887, 0, 18, 48
100-Days-Of-ML-Code, 323, 19, 2, 1, 5182, 19489, 0, 1, 12
awesome-deep-learning, 533, 134, 0, 2, 4835, 20152, 0, 19, 23
cs-video-courses, 310, 79, 0, 2, 6975, 51236, 0, 1, 14
lectures, 64, 7, 0, 1, 3499, 15432, 0, 0, 11
pwc, 78, 9, 0, 1, 2385, 15408, 0, 6, 24
WaveFunctionCollapse, 140, 15, 1, 1, 1072, 20530, 1, 0, 1
homemade-machine-learning, 250, 2, 2, 1, 3737, 20797, 0, 11, 22
DeepSpeech, 3466, 133, 16, 61, 3543, 20938, 105, 18, 124
cheatsheets-ai, 32, 3, 0, 1, 3306, 14444, 0, 0, 7
Qix, 1295, 13, 0, 2, 4680, 14125, 1, 0, 0
tfjs, 5762, 320, 14, 262, 1764, 16947, 81, 127, 636
Screenshot-to-code, 178, 6, 4, 2, 1385, 13913, 0, 3, 20
predictionio, 4495, 132, 7, 7, 1971, 12544, 1, 17, 17
gun, 2456, 131, 7, 14, 1119, 16824, 17, 39, 287
Paddle, 39622, 333, 13, 34, 4762, 19449, 58, 898, 1804
pytorch-handbook, 249, 32, 1, 3, 5023, 17698, 0, 0, 50
pumpkin-book, 437, 25, 0, 1, 4417, 20969, 6, 0, 16
awesome-nlp, 526, 131, 0, 4, 2275, 14159, 0, 16, 20
Machine-Learning-Tutorials, 308, 31, 0, 2, 3021, 12992, 0, 26, 33
nsfw_data_scraper, 52, 6, 3, 1, 2853, 11819, 0, 0, 1
dive-into-machine-learning, 350, 32, 0, 2, 1875, 11110, 0, 0, 0
tensor2tensor, 4376, 217, 6, 3, 3098, 12913, 75, 15, 588
ChatterBot, 1848, 84, 1, 7, 4107, 12848, 86, 43, 360
google-research, 3792, 391, 25, 120, 6611, 26947, 0, 242, 903
turicreate, 1571, 71, 15, 3, 1140, 10893, 30, 19, 513
stanford-tensorflow-tutorials, 106, 2, 1, 1, 4189, 10214, 1, 20, 87
caire, 490, 8, 3, 2, 370, 10129, 21, 0, 1
horovod, 1284, 153, 8, 105, 2101, 12968, 19, 9, 345
netron, 6411, 1, 6, 2, 2352, 21132, 2, 2, 26
state-of-the-art-result-for-machine-learning-problems, 169, 10, 0, 4, 1316, 8993, 0, 1, 15
dlib, 8139, 159, 12, 1, 2718, 11682, 25, 4, 43
nltk, 14408, 358, 6, 20, 2589, 11443, 0, 11, 223
kubeflow, 2384, 261, 13, 59, 2024, 12205, 80, 89, 324
botpress, 13294, 164, 8, 55, 1341, 10040, 123, 33, 261
imgaug, 2913, 24, 2, 2, 2308, 13251, 3, 9, 284
EffectiveTensorflow, 126, 11, 0, 3, 911, 8659, 0, 0, 0
shap, 2277, 161, 8, 14, 2715, 18383, 47, 88, 1601
numpy-ml, 348, 12, 1, 1, 3177, 11643, 0, 11, 27
caffe2, 3680, 196, 1, 23, 1906, 8402, 4, 0, 580
flair, 5006, 188, 1, 64, 1663, 12392, 20, 11, 76
sonnet, 854, 51, 3, 5, 1339, 9504, 2, 5, 34
the-gan-zoo, 175, 19, 1, 7, 2414, 12922, 0, 17, 33
rasa, 31010, 310, 7, 550, 4100, 15410, 180, 114, 116
onnx, 2146, 244, 8, 36, 3253, 13966, 23, 89, 348
ml-agents, 3459, 134, 8, 392, 3577, 13989, 60, 40, 148
TensorFlow-Tutorials, 100, 1, 2, 1, 3973, 9121, 0, 0, 1
MLAlgorithms, 146, 25, 2, 1, 1510, 9112, 0, 0, 9
awesome-aws, 632, 61, 2, 2, 1498, 11115, 1, 57, 62
mit-deep-learning-book-pdf, 26, 7, 1, 1, 2345, 10846, 3, 0, 10
fashion-mnist, 224, 12, 5, 1, 2703, 10531, 0, 0, 26
deep-learning-drizzle, 153, 9, 2, 1, 2656, 10928, 1, 1, 6
Winds, 3306, 27, 1, 5, 615, 8733, 0, 0, 0
mit-deep-learning, 64, 4, 1, 2, 2058, 9478, 0, 12, 16
pattern, 1434, 19, 3, 7, 1512, 8400, 1, 45, 173
clip-as-service, 1944, 51, 3, 24, 1911, 11176, 68, 12, 273
lime, 531, 45, 5, 8, 1668, 10380, 18, 15, 80
handson-ml2, 913, 71, 5, 1, 10761, 23950, 0, 6, 191
Learn_Machine_Learning_in_3_Months, 10, 5, 0, 1, 2201, 7553, 0, 8, 18
golearn, 570, 53, 6, 10, 1170, 8709, 0, 8, 80
vowpal_wabbit, 10280, 212, 22, 45, 1755, 8114, 26, 18, 130
SmartOpenCV, 21, 1, 6, 1, 518, 1903, 1, 0, 3
OpenCV-Python-Tutorial, 263, 2, 4, 4, 1056, 2958, 0, 5, 11
Learning-OpenCV-3_examples, 228, 5, 2, 11, 857, 2125, 0, 6, 21
OpenCVForAndroid, 37, 1, 4, 3, 592, 1804, 0, 0, 21
OpenCV-Python-Tutorial, 27, 3, 0, 2, 34, 74, 0, 0, 0
OpenCV3-Intro-Book-Src, 24, 2, 1, 1, 910, 1728, 0, 2, 15
OpenCV2-Python-Tutorials, 167, 7, 2, 1, 890, 1218, 1, 188, 256
Install-OpenCV, 91, 27, 1, 2, 912, 1024, 0, 3, 27
OpenCVSwiftStitch, 89, 3, 5, 6, 122, 896, 2, 0, 1
OpenCV-Face-Recognition, 9, 1, 1, 1, 928, 943, 0, 7, 33
OpenCV-Marker-less-AR, 9, 2, 2, 3, 228, 538, 1, 0, 2
OpenCV-Playing-Card-Detector, 13, 1, 1, 1, 207, 623, 0, 0, 10
OpenCV-Android, 19, 0, 3, 2, 158, 445, 0, 1, 16
OpenCV-iOS, 18, 2, 2, 1, 113, 435, 0, 0, 0
GankDaily, 57, 2, 2, 2, 159, 696, 0, 0, 2
alfred-encode-decode-workflow, 30, 6, 1, 1, 40, 519, 0, 2, 10
tensorflow-mnist-VAE, 9, 1, 1, 1, 179, 474, 0, 0, 6
probabilistic_unet, 20, 1, 2, 4, 90, 499, 0, 4, 15
Variational-Autoencoder, 16, 3, 1, 1, 140, 371, 0, 0, 0
Generative_Models_Tutorial_with_Demo, 41, 1, 1, 1, 40, 305, 0, 0, 0
donut, 20, 2, 1, 3, 138, 409, 0, 0, 21
VAE-Torch, 45, 2, 1, 1, 60, 258, 0, 0, 0
fauxtograph, 63, 5, 2, 8, 54, 226, 0, 9, 17
s-vae-pytorch, 23, 6, 1, 1, 48, 313, 0, 0, 0
VAE-TensorFlow, 7, 3, 1, 1, 78, 203, 0, 0, 0
s-vae-tf, 21, 2, 1, 1, 39, 210, 0, 0, 0
vae-celebA, 32, 3, 1, 1, 44, 171, 0, 0, 5
vae-seq, 78, 1, 1, 1, 35, 157, 0, 0, 0
tensorflow-mnist-CVAE, 13, 1, 1, 1, 38, 145, 0, 0, 2
resnet-cppn-gan-tensorflow, 4, 0, 1, 1, 36, 123, 0, 0, 1
vae-npvc, 41, 1, 2, 2, 42, 143, 0, 1, 12
Variational-Lstm-Autoencoder, 27, 1, 1, 1, 57, 245, 0, 0, 11
kvae, 30, 3, 1, 2, 32, 127, 0, 0, 1
smrt, 148, 3, 2, 6, 28, 115, 0, 0, 2
TD-VAE, 20, 1, 1, 2, 20, 129, 0, 0, 0
alpha-GAN, 16, 1, 2, 1, 24, 78, 0, 0, 1
IMPLEMENTATION_Variational-Auto-Encoder, 11, 1, 1, 1, 24, 96, 0, 0, 1
vae_captioning, 58, 1, 2, 1, 11, 58, 0, 0, 5
vae_householder_flow, 9, 1, 1, 1, 13, 72, 0, 0, 2
cycle-consistent-vae, 3, 1, 1, 1, 20, 71, 0, 0, 2
LSTMVRAE, 2, 1, 1, 1, 13, 51, 0, 0, 0
vae-concrete, 10, 1, 1, 1, 17, 51, 0, 0, 1
pvae, 11, 3, 1, 2, 28, 105, 0, 1, 5
BVAE-tf, 33, 2, 1, 1, 14, 54, 0, 0, 5
Variational-Graph-Auto-Encoders, 38, 1, 1, 1, 24, 65, 0, 0, 2
VAE_NBP, 23, 1, 2, 1, 19, 42, 0, 0, 0
minimal_vae, 4, 1, 1, 1, 3, 37, 0, 0, 0
FTP-implement-based-on-UDP, 4, 1, 2, 1, 32, 48, 0, 2, 3
Variational-AutoEncoder-for-Dialogue-Generation, 72, 1, 0, 1, 13, 36, 0, 0, 0
VAE-Text-Generation, 5, 1, 1, 1, 15, 63, 0, 1, 5
chainer-Variational-AutoEncoder, 16, 1, 1, 1, 8, 32, 0, 0, 0
CifarVAE, 16, 1, 1, 1, 4, 36, 0, 0, 1
vae-audio, 27, 2, 1, 1, 18, 90, 0, 0, 2
mat-vae, 17, 0, 1, 1, 21, 35, 0, 0, 3
VAE-pytorch, 22, 2, 1, 1, 10, 46, 0, 0, 0
chainer-vae-gan, 6, 1, 1, 1, 1, 27, 0, 0, 0
improving-variational-encoder-decoders-in-dialogue-generation, 16, 1, 1, 1, 9, 28, 0, 0, 2
variational-timbre, 59, 3, 2, 1, 5, 44, 0, 0, 1
pytorch-vae, 4, 1, 1, 1, 6, 37, 0, 0, 1
variational-autoencoder, 1, 1, 1, 1, 9, 31, 0, 0, 1
pytorch-mnist-vae, 19, 2, 1, 1, 10, 51, 0, 0, 0
Learning-Disentangled-Representations-under-Supervision, 40, 1, 2, 2, 4, 22, 0, 0, 2
vgae_pytorch, 5, 1, 1, 1, 62, 215, 0, 1, 2
Spanish-Metaphone, 8, 1, 1, 1, 20, 28, 0, 1, 1
VAE-MF-TensorFlow, 34, 1, 3, 3, 3, 17, 0, 0, 0
deep-pensieve, 95, 1, 2, 1, 3, 17, 0, 0, 1
VMED, 22, 1, 1, 1, 5, 18, 0, 0, 0
vaelm, 101, 1, 1, 1, 0, 14, 0, 0, 0
deep-generative-models, 98, 2, 2, 1, 0, 1, 0, 0, 0
Deep-Feature-Consistent-Variational-AutoEncoder-in-Tensorflow, 10, 1, 1, 1, 9, 21, 0, 0, 3
Correlated-VAEs, 6, 1, 1, 1, 4, 14, 0, 0, 0
LVAE, 16, 1, 1, 2, 3, 16, 0, 0, 0
probabilistic_unet, 9, 1, 2, 1, 9, 17, 0, 0, 1
VAE_rec, 7, 1, 1, 2, 6, 16, 0, 0, 0
auto-encoding-variational-bayes, 17, 1, 1, 2, 6, 17, 0, 0, 0
dirichlet-vae, 6, 1, 2, 1, 6, 20, 0, 0, 0
SLCVAE, 3, 1, 1, 1, 9, 18, 0, 0, 1
DeepProfile, 7, 1, 1, 1, 6, 16, 0, 0, 0
VAE-Tensorflow, 8, 1, 1, 1, 2, 11, 0, 0, 1
ARSM, 37, 3, 1, 1, 10, 19, 0, 0, 0
diff-vae-tensorflow, 8, 0, 1, 1, 2, 12, 0, 0, 0
TAVERN, 17, 2, 0, 2, 3, 21, 0, 0, 1
inception-vae, 11, 1, 1, 1, 3, 18, 0, 0, 0
lasagne-vae, 18, 1, 1, 1, 2, 9, 2, 0, 0
trajectory_forcasting, 3, 0, 1, 1, 12, 38, 0, 0, 0
Controlling-generative-models-with-continuous-factors-of-variations, 10, 1, 3, 8, 2, 18, 0, 7, 8
vesd, 3, 1, 0, 1, 0, 10, 0, 0, 2
Variational_AutoEncoder_ECG_HeartBeat, 14, 1, 1, 1, 2, 5, 0, 0, 0
Variational_Auto-Encoder, 14, 1, 1, 1, 1, 7, 0, 0, 0
Variational-Autoencoder, 20, 1, 1, 2, 1, 9, 0, 0, 0
U-HVED, 8, 1, 1, 2, 7, 24, 0, 1, 3
VariationalRecurrentAutoEncoder, 11, 1, 2, 1, 8, 7, 0, 0, 1
VAE, 8, 1, 1, 1, 3, 8, 0, 0, 0
vae-salience, 4, 1, 2, 1, 4, 9, 0, 0, 0
mono-semantic-occupancy, 9, 1, 2, 1, 10, 35, 0, 0, 1
HCV, 7, 1, 1, 1, 2, 10, 0, 0, 1
vae-tensorflow, 8, 1, 1, 1, 2, 8, 0, 0, 0
AEVB, 3, 2, 2, 7, 2, 7, 0, 0, 0
ConditionalVariationalAutoEncoder, 71, 0, 1, 1, 4, 9, 0, 0, 0
tensorflow-CVAE, 11, 1, 1, 1, 2, 6, 0, 0, 0
Variational-AutoEncoder-For-Novelty-Detection, 6, 1, 1, 1, 2, 11, 0, 0, 0
ofxGeneticAlg, 7, 1, 2, 1, 1, 6, 0, 0, 0
shotgunyara, 10, 1, 1, 1, 1, 7, 0, 0, 0
MetaVAE, 37, 1, 1, 1, 0, 8, 0, 0, 1
vae, 16, 1, 1, 1, 3, 3, 0, 0, 0
Variational-AutoEncoder-in-Pytorch, 3, 0, 1, 1, 4, 12, 0, 0, 0
MVAE_Music, 3, 2, 1, 1, 1, 5, 0, 0, 0
aevb, 1, 1, 1, 1, 0, 4, 0, 0, 0
DRAW, 19, 0, 1, 1, 1, 4, 0, 0, 0
Sketch-rnn, 39, 1, 2, 3, 1, 7, 0, 1, 1
hvae-nips, 6, 1, 2, 1, 2, 14, 0, 0, 0
PPVAE, 5, 1, 2, 1, 6, 45, 0, 0, 4
Steganography-SNOW-AVariation, 6, 1, 1, 1, 0, 6, 0, 0, 0
grandcentrix-AndroidCodeStyle, 77, 6, 1, 1, 64, 213, 0, 1, 11
hbworkspace2-100, 7, 1, 6, 1, 174, 223, 0, 1, 1
Animatoo, 25, 1, 2, 1, 65, 312, 1, 0, 0
tensorflow-hangul-recognition, 101, 16, 2, 2, 134, 229, 0, 3, 7
fcm-push-plugin, 58, 1, 2, 2, 2, 182, 10, 0, 0
intellij-haxe, 2709, 54, 7, 12, 94, 198, 45, 11, 257
MvpAutoCodePlus, 78, 1, 2, 2, 27, 178, 14, 0, 1
PerfectShow, 115, 1, 6, 1, 89, 221, 0, 1, 27
ArtifactFinder, 56, 3, 5, 28, 5, 177, 0, 20, 27
GreenDaoForAndroidStudio, 7, 1, 3, 2, 61, 165, 0, 0, 2
AdvancedRecycleView, 20, 1, 1, 1, 34, 172, 0, 0, 0
FBReader_AS, 9, 0, 13, 1, 71, 202, 0, 1, 4
ReciteWords, 38, 1, 1, 2, 24, 157, 4, 0, 1
CustomRefreshView, 14, 1, 1, 1, 24, 157, 0, 0, 2
GloballyDynamic, 48, 2, 7, 12, 17, 272, 1, 10, 11
SmartControl_Android_MQTT, 278, 1, 1, 1, 88, 349, 54, 0, 2
PagingLibrary-Sample, 11, 2, 1, 1, 62, 169, 0, 3, 8
calendula, 1397, 12, 2, 6, 92, 191, 18, 5, 46
chatbot-watson-android, 150, 4, 1, 2, 181, 186, 0, 0, 0
AwesomeAndroidStudioPlugin, 20, 2, 0, 1, 44, 150, 0, 0, 0
android-studio-setting, 6, 1, 0, 1, 60, 145, 0, 0, 1
GenerateFindViewById, 53, 1, 1, 1, 19, 141, 0, 0, 10
AndroidStudioAndRobolectric, 62, 2, 1, 4, 28, 141, 0, 0, 11
Dribbble_rebuild, 41, 1, 3, 1, 78, 142, 0, 0, 1
android-studio-robolectric-example, 42, 2, 1, 1, 45, 142, 0, 0, 0
idea-cloudformation, 526, 3, 2, 6, 28, 139, 33, 1, 41
LookAtMe, 49, 6, 1, 3, 32, 187, 2, 1, 7
android-vpn-client-ics-openvpn, 141, 2, 2, 4, 283, 472, 2, 9, 42
ChroMATERIAL, 165, 2, 1, 6, 8, 145, 9, 0, 2
TrailersApp, 15, 1, 1, 3, 84, 197, 0, 1, 5
react-native-console, 168, 2, 5, 5, 26, 178, 1, 0, 9
name-that-color-intellij-plugin, 38, 3, 1, 1, 16, 169, 1, 2, 11
SmoSEC, 39, 3, 1, 1, 107, 213, 0, 0, 1
AndroidStudio-VM-Options, 23, 5, 0, 1, 24, 137, 0, 0, 1
Android-Development-Aircraft-Carrier, 15, 1, 0, 1, 40, 143, 0, 0, 1
QuizBook, 13, 2, 1, 1, 119, 164, 1, 1, 7
DevMvp, 21, 2, 2, 1, 40, 154, 0, 0, 1
titled_navigation_bar, 75, 7, 3, 3, 55, 328, 1, 1, 4
SlimSocial-for-Facebook, 270, 19, 1, 3, 63, 244, 48, 2, 31
IBackdrop, 77, 1, 2, 1, 13, 138, 9, 0, 2
Droid-Snippet, 41, 1, 1, 3, 16, 119, 2, 0, 1
JSONToKotlinClass, 17, 1, 1, 1, 10, 139, 1, 0, 3
android-mqtt-quickstart, 39, 1, 2, 3, 59, 149, 0, 1, 5
OpenCV4AndroidWithCmake, 12, 1, 5, 1, 50, 126, 2, 0, 2
BinderDebug, 4, 1, 3, 1, 24, 133, 0, 0, 2
OkHttpProfiler, 103, 3, 2, 2, 22, 266, 6, 1, 9
gradle-robojava-plugin, 19, 1, 2, 1, 6, 113, 8, 0, 0
PinyinIME, 2, 1, 4, 1, 100, 184, 0, 0, 3
curso-android-src-as, 33, 1, 1, 1, 383, 116, 0, 0, 0
intellij-platform-solarized, 122, 1, 0, 1, 16, 179, 27, 0, 5
XposedTemplateForAS, 30, 1, 2, 1, 55, 177, 0, 0, 1
android-ndk-swig-example, 34, 2, 4, 3, 34, 124, 0, 1, 6
PushDemo, 110, 1, 1, 1, 22, 118, 5, 0, 11
Android-Studio-MVP-Template-Google-Architecture, 12, 2, 2, 2, 26, 111, 0, 0, 0
droidfish, 1015, 6, 5, 2, 97, 240, 0, 1, 1
Phoenix-for-VK, 344, 3, 2, 2, 39, 143, 2, 0, 10
clay, 24, 3, 2, 1, 19, 119, 1, 0, 3
vs-android, 43, 2, 2, 2, 34, 112, 0, 1, 42
android-styler, 11, 2, 1, 1, 9, 109, 2, 0, 1
LiveSmashBar, 60, 1, 1, 1, 7, 119, 0, 0, 0
Skill-learn-collect, 99, 1, 0, 1, 24, 108, 0, 0, 0
VS2015-Dark-Android-Studio, 11, 2, 0, 1, 11, 105, 0, 0, 3
flutter_enhancement_suite, 98, 7, 2, 5, 30, 244, 12, 5, 43
KickAssSlidingMenu, 99, 1, 1, 2, 32, 100, 6, 0, 0
reel-search-android, 21, 1, 2, 1, 6, 119, 5, 0, 0
Embrace-Android-Studio-Demo, 11, 0, 2, 1, 38, 103, 0, 0, 0
MonokaiAndroidStudio, 20, 1, 0, 2, 17, 108, 1, 0, 2
android_gradle_script, 15, 1, 0, 1, 26, 101, 0, 0, 0
Android_Code_Arbiter, 1, 0, 8, 1, 39, 111, 0, 0, 1
android-kubernetes-blockchain, 48, 6, 7, 3, 67, 117, 0, 2, 6
android-xml-sorter, 75, 5, 1, 3, 10, 102, 5, 0, 5
InjuredAndroid, 99, 1, 10, 1, 120, 530, 10, 0, 0
AndroidLiveTemplates, 27, 3, 0, 1, 13, 132, 0, 0, 0
Tesseract4Android, 225, 2, 23, 1, 72, 359, 12, 0, 1
testfairy-gradle-plugin, 180, 6, 2, 12, 37, 93, 2, 0, 8
android-databinding, 160, 1, 1, 1, 7, 92, 4, 0, 0
android-studio, 922, 2, 0, 1, 42, 110, 0, 0, 2
livetemplates, 8, 1, 0, 1, 25, 96, 0, 0, 0
android-retrostreams, 333, 3, 1, 3, 4, 109, 13, 0, 0
Xitu, 81, 1, 1, 1, 26, 91, 0, 0, 1
root_avd, 8, 1, 1, 1, 33, 183, 0, 0, 2
MaterialTabsTemplate, 37, 1, 1, 1, 24, 89, 0, 0, 1
AndroidToRN, 62, 1, 2, 1, 24, 95, 0, 0, 11
media-picker, 54, 1, 1, 1, 34, 180, 0, 0, 2
apprtc-android, 5, 1, 2, 1, 52, 91, 0, 0, 4
SimpleUML, 5, 1, 0, 1, 23, 100, 0, 0, 7
mupdf-android, 63, 3, 1, 2, 35, 104, 0, 1, 21
Awesome_Flutter_UI, 8, 1, 3, 1, 56, 132, 0, 1, 3
android-ratingreviews, 52, 5, 1, 1, 32, 168, 3, 0, 12
CSipSimple, 17, 1, 2, 2, 92, 94, 0, 1, 14
LiveData-DataBinding-Kotlin, 33, 1, 1, 2, 16, 88, 0, 0, 0
idea_flutter_json_format, 90, 1, 4, 4, 13, 91, 0, 0, 1
GoogleDevelopersColorScheme, 12, 2, 0, 1, 16, 85, 2, 0, 3
webrtc-android-demo-apprtc, 8, 1, 1, 1, 39, 96, 0, 0, 7
Xamarin-Forms-Mobile-Template, 102, 2, 2, 2, 17, 82, 0, 1, 3
OpenCV-3.1.0-Android, 4, 1, 1, 1, 32, 93, 0, 0, 1
android-vagrant, 76, 3, 2, 2, 25, 84, 0, 1, 6
HakunaMatataIntelliJPlugin, 32, 2, 2, 4, 6, 78, 0, 0, 10
Xamaridea, 20, 2, 1, 1, 17, 79, 0, 2, 14
flutter, 33017, 384, 17, 459, 24021, 148632, 0, 191, 11498
flutter-go, 754, 16, 8, 18, 3722, 23219, 4, 3, 3
gsy_github_app_flutter, 917, 6, 7, 3, 2346, 13697, 41, 0, 5
plugins, 4453, 444, 12, 54, 9248, 16687, 0, 100, 100
FlutterExampleApps, 52, 7, 1, 1, 3429, 17997, 0, 18, 27
flutter-in-action, 628, 110, 5, 19, 1704, 8704, 8, 41, 126
samples, 1117, 111, 16, 7, 6393, 14198, 0, 6, 65
flutter-desktop-embedding, 552, 38, 8, 3, 586, 7078, 0, 0, 3
fish-redux, 486, 32, 2, 5, 824, 7313, 0, 5, 164
Best-Flutter-UI-Templates, 111, 18, 4, 1, 3710, 16874, 0, 1, 5
Flutter-Notebook, 455, 11, 6, 1, 1163, 6993, 0, 0, 0
flutter_architecture_samples, 336, 31, 8, 8, 1611, 8246, 0, 9, 46
invoiceninja, 15563, 41, 4, 8, 2007, 6850, 612, 3, 820
FlutterDouBan, 399, 1, 4, 7, 1627, 7642, 0, 5, 43
HistoryOfEverything, 226, 5, 4, 4, 954, 6251, 0, 5, 55
Flutter-UI-Kit, 84, 4, 4, 7, 1129, 5992, 2, 4, 11
flutter-examples, 196, 38, 10, 2, 1572, 6321, 0, 2, 17
bloc, 2048, 176, 13, 6, 3045, 10008, 447, 5, 89
flutter_wanandroid, 117, 1, 5, 1, 1222, 5466, 0, 1, 10
Flutter-learning, 184, 2, 3, 2, 820, 5176, 0, 1, 16
go-flutter, 344, 23, 2, 3, 274, 5523, 0, 3, 58
flutter_boost, 1121, 49, 8, 59, 1100, 6321, 12, 4, 248
Flutter-Course-Resources, 94, 3, 0, 1, 2805, 9351, 0, 6, 50
flutter_deer, 501, 5, 9, 2, 1407, 6706, 0, 0, 0
inKino, 424, 9, 7, 3, 630, 3422, 3, 5, 29
AndroidProject, 24, 2, 1, 1, 1148, 5389, 17, 0, 1
FlutterScreens, 65, 7, 2, 1, 1228, 5022, 0, 7, 9
flame, 2792, 138, 2, 14, 693, 7402, 24, 12, 89
flutter-osc, 36, 1, 4, 1, 563, 2853, 0, 0, 9
gsy_flutter_book, 23, 1, 0, 2, 471, 3593, 0, 2, 4
zhihu-flutter, 7, 1, 3, 1, 540, 3122, 0, 0, 9
fluro, 186, 25, 6, 4, 381, 3540, 10, 7, 38
flutter_swiper, 83, 4, 4, 2, 518, 3376, 0, 23, 234
provider, 419, 79, 1, 2, 459, 4609, 0, 2, 15
flutter-ui-nice, 124, 12, 5, 2, 555, 3360, 0, 0, 7
flutter-study, 48, 1, 0, 1, 425, 2494, 0, 1, 5
flukit, 41, 1, 5, 2, 572, 4725, 0, 1, 11
Android-Studio-Plugins, 47, 5, 1, 1, 201, 2209, 0, 1, 6
flutter-tutorials, 74, 6, 3, 17, 1695, 4536, 0, 16, 47
flutter_vignettes, 50, 7, 0, 4, 867, 3946, 0, 2, 7
Flare-Flutter, 415, 10, 7, 6, 459, 2559, 0, 18, 140
ion, 813, 35, 4, 19, 504, 3682, 8, 15, 29
mxflutter, 168, 9, 13, 4, 313, 2789, 3, 0, 6
flutter-netease-music, 853, 6, 9, 7, 752, 3117, 5, 5, 9
GSYGithubAPP, 34, 1, 7, 25, 417, 2277, 18, 21, 29
flutter_easy_refresh, 782, 7, 9, 4, 573, 3374, 55, 0, 21
graphql-flutter, 1854, 92, 7, 49, 510, 3093, 125, 5, 95
fun_android_flutter, 275, 1, 4, 3, 488, 2608, 9, 2, 10
flutter_shuqi, 48, 1, 5, 1, 620, 2465, 0, 0, 12
flutter_ui_challenges, 494, 8, 9, 6, 1283, 4003, 0, 1, 1
fluwx, 1003, 31, 6, 10, 449, 2731, 12, 0, 28
flutterfire, 2928, 455, 12, 44, 3517, 7427, 6, 24, 233
app, 791, 60, 13, 54, 514, 2117, 18, 38, 141
flutter_screenutil, 506, 26, 9, 4, 422, 3368, 6, 1, 5
flutter_spinkit, 137, 10, 6, 1, 280, 2683, 13, 2, 14
fl_chart, 1438, 61, 10, 114, 1361, 5273, 83, 9, 236
sqflite, 1214, 50, 7, 7, 401, 2548, 0, 1, 135
UIWidgets, 1865, 10, 8, 36, 252, 1951, 2, 3, 45
GZXTaoBaoAppFlutter, 92, 1, 6, 1, 448, 2118, 1, 0, 24
gsy_flutter_demo, 282, 2, 5, 3, 429, 2524, 1, 0, 3
coderiver, 69, 2, 6, 1, 299, 1561, 0, 1, 7
getwidget, 1135, 26, 8, 2, 515, 3716, 8, 1, 17
flutter-rs, 477, 10, 2, 25, 76, 2000, 3, 9, 42
flutter_staggered_grid_view, 162, 7, 1, 3, 456, 2748, 4, 4, 29
mobx.dart, 1073, 68, 2, 5, 288, 2233, 0, 6, 66
flutter_app, 637, 4, 8, 1, 479, 2381, 0, 1, 8
NeteaseCloudMusic, 107, 4, 4, 3, 289, 1737, 0, 1, 15
flutter_pulltorefresh, 532, 19, 4, 2, 601, 2516, 43, 19, 136
flutter-webrtc, 917, 88, 10, 9, 875, 3402, 57, 14, 345
timy-messenger, 41, 9, 6, 10, 427, 1918, 0, 8, 21
flutter_redux, 83, 16, 8, 8, 207, 1591, 2, 0, 18
zefyr, 346, 13, 10, 14, 501, 2152, 0, 26, 227
morec, 119, 1, 5, 3, 231, 1508, 0, 1, 6
flutter_slidable, 212, 13, 4, 4, 420, 2340, 14, 21, 85
flutter-todos, 261, 1, 5, 4, 382, 1794, 10, 0, 9
flutter_blue, 264, 20, 5, 5, 1062, 2181, 4, 67, 651
flutter_cached_network_image, 326, 30, 5, 9, 466, 2153, 0, 9, 209
hive, 625, 42, 1, 9, 319, 3397, 26, 9, 443
flutter_map, 749, 137, 6, 3, 655, 2261, 5, 6, 30
website, 5084, 434, 7, 10, 2824, 2311, 0, 7, 586
flutter-ui, 396, 7, 4, 2, 149, 1226, 5, 0, 9
fluttergram, 199, 9, 5, 1, 591, 2144, 0, 2, 7
FlutterUnit, 288, 2, 8, 2, 937, 5740, 1, 0, 43
TheGorgeousLogin, 25, 5, 8, 1, 461, 1615, 0, 0, 1
flutter_webview_plugin, 338, 53, 5, 3, 743, 1429, 12, 51, 545
flutter_mall, 103, 1, 6, 2, 562, 2177, 0, 1, 4
ejdb, 2814, 22, 12, 10, 125, 1353, 20, 1, 30
awesome-flutter-cn, 10, 2, 0, 1, 344, 2637, 0, 1, 4
gitme, 13, 1, 0, 7, 100, 1159, 0, 0, 57
flutter_study, 104, 2, 5, 1, 247, 1126, 0, 0, 19
flutter-samples, 129, 9, 7, 1, 703, 2797, 0, 0, 0
flutter-intellij, 2883, 46, 6, 72, 308, 1846, 0, 2, 518
flustars, 104, 1, 5, 1, 235, 1793, 0, 3, 12
MLN, 1218, 13, 13, 15, 200, 1563, 0, 0, 116
flutter_ui_challenges, 70, 3, 3, 3, 284, 1392, 0, 0, 11
flutter_catalog, 576, 11, 10, 3, 538, 1846, 14, 0, 13
flutter_hooks, 337, 45, 1, 3, 145, 2599, 0, 2, 29
Flutter-Music-Player, 14, 3, 5, 3, 481, 1538, 0, 2, 28
photo_view, 382, 36, 2, 1, 439, 1692, 43, 9, 91
CS-Notes, 3776, 218, 0, 1, 47604, 160825, 0, 59, 176
javascript, 1943, 410, 1, 5, 22493, 131145, 0, 60, 156
JavaGuide, 4491, 375, 1, 2, 41887, 130019, 0, 3, 68
javascript-algorithms, 1084, 191, 2, 2, 25304, 160560, 0, 176, 280
java-design-patterns, 3426, 325, 3, 5, 23637, 79239, 0, 15, 202
elasticsearch, 67242, 345, 15, 215, 22098, 62481, 105, 473, 4029
spring-boot, 41158, 368, 13, 19, 36012, 65166, 159, 41, 586
interviews, 445, 28, 1, 6, 11780, 59070, 0, 77, 108
advanced-java, 726, 36, 2, 1, 17480, 68246, 1, 0, 2
RxJava, 6021, 283, 3, 5, 7573, 46787, 231, 1, 14
guava, 5942, 281, 4, 22, 10252, 46595, 35, 111, 766
okhttp, 5302, 248, 3, 51, 8909, 43433, 0, 5, 151
retrofit, 1967, 149, 5, 9, 7094, 41024, 0, 25, 167
clean-code-javascript, 544, 106, 1, 1, 9044, 78362, 0, 20, 70
mall, 919, 1, 3, 1, 25835, 63191, 2, 6, 34
jQuery-File-Upload, 1265, 85, 6, 2, 7984, 31062, 0, 0, 49
leetcode, 1731, 76, 3, 5, 9066, 50256, 40, 0, 5
MPAndroidChart, 2070, 65, 1, 6, 8714, 36045, 44, 125, 2116
spark, 35609, 327, 21, 24, 25537, 34821, 0, 196, 196
zxing, 3683, 113, 3, 2, 9179, 30600, 29, 1, 7
leakcanary, 2002, 127, 3, 159, 3868, 28165, 31, 4, 73
JCSprout, 709, 23, 1, 6, 7031, 26917, 0, 15, 45
awesome-java, 1620, 312, 0, 4, 6554, 35130, 0, 16, 19
Java, 1802, 428, 2, 1, 16190, 49909, 0, 26, 38
EventBus, 550, 20, 2, 11, 4593, 24234, 7, 41, 145
jadx, 1883, 87, 3, 3, 4101, 33005, 26, 0, 290
spring-boot-examples, 213, 8, 4, 2, 11985, 28410, 0, 0, 5
ResumeSample, 26, 3, 0, 1, 8507, 25742, 0, 2, 2
p3c, 290, 37, 4, 6, 7809, 28710, 0, 24, 150
fastjson, 3978, 172, 4, 24, 6454, 25162, 84, 170, 1986
arthas, 1844, 161, 17, 8, 6809, 31598, 47, 57, 289
awesome-javascript, 797, 264, 0, 1, 3931, 29866, 0, 35, 37
javascript-questions, 1284, 187, 0, 2, 6925, 51779, 0, 4, 6
gson, 1776, 130, 1, 14, 4109, 21779, 6, 106, 394
selenium, 29312, 376, 20, 16, 7231, 25635, 80, 31, 161
libgdx, 15196, 334, 13, 3, 6296, 21026, 9, 74, 272
generator-jhipster, 42819, 300, 12, 27, 3882, 20269, 25, 30, 273
IntelliJ-IDEA-Tutorial, 478, 27, 0, 1, 6748, 20465, 0, 0, 1
ExoPlayer, 14883, 226, 6, 16, 5629, 20304, 21, 38, 758
Android-CleanArchitecture, 248, 9, 1, 2, 3260, 15279, 0, 16, 142
flatbuffers, 2862, 430, 22, 3, 2905, 19764, 31, 12, 174
easyexcel, 944, 45, 1, 7, 6835, 26337, 4, 47, 324
toBeTopJavaer, 271, 37, 1, 1, 5345, 24237, 0, 3, 51
xxl-job, 1717, 57, 2, 13, 9634, 23400, 31, 121, 1069
You-Dont-Need-JavaScript, 137, 35, 1, 1, 1052, 17961, 0, 40, 69
mybatis-3, 4430, 203, 4, 8, 11606, 18103, 38, 62, 210
cat, 7410, 82, 15, 19, 5217, 17481, 3, 11, 133
WebViewJavascriptBridge, 463, 55, 7, 6, 2819, 14087, 0, 20, 98
dbeaver, 23778, 225, 7, 66, 2714, 30105, 168, 27, 1710
spring-cloud-alibaba, 2397, 157, 5, 12, 7399, 24566, 32, 16, 394
awesome-java-cn, 245, 22, 0, 1, 4313, 14803, 0, 1, 5
redisson, 7708, 126, 1, 3, 4899, 20468, 117, 31, 356
HikariCP, 2829, 119, 2, 9, 2652, 17742, 0, 49, 438
JavaScript30, 387, 114, 3, 1, 29780, 22749, 0, 31, 31
spring-boot-demo, 734, 11, 7, 8, 9712, 28521, 0, 31, 112
graal, 71347, 243, 22, 81, 1411, 18107, 32, 126, 973
LearningNotes, 227, 11, 0, 1, 3906, 12828, 0, 30, 94
logger, 146, 10, 2, 1, 2032, 13504, 16, 11, 78
Sentinel, 788, 176, 7, 36, 7332, 20438, 22, 169, 662
hutool, 4347, 219, 6, 3, 6850, 25210, 125, 0, 3
deeplearning4j, 2634, 60, 20, 183, 4863, 12738, 0, 3, 610
playframework, 12555, 376, 7, 10, 4024, 12301, 58, 56, 462
logstash, 10350, 352, 14, 341, 3323, 13239, 105, 169, 1973
ray, 15758, 425, 16, 244, 4073, 23774, 62, 196, 2659
jeecg-boot, 840, 11, 3, 1, 12874, 33125, 24, 15, 80
JavaFamily, 218, 3, 0, 2, 7357, 32816, 0, 0, 0
bytecode-viewer, 1138, 38, 6, 1, 1055, 13472, 58, 0, 79
androidannotations, 2934, 57, 2, 3, 2384, 11139, 0, 0, 50
vert.x, 5444, 211, 2, 39, 1952, 13353, 0, 77, 260
MaterialDrawer, 2512, 97, 3, 78, 2039, 11589, 233, 0, 0
realm-java, 8914, 103, 10, 99, 1767, 11357, 0, 35, 381
infer, 11721, 154, 23, 10, 1888, 13789, 29, 10, 383
RxTool, 807, 6, 2, 1, 2783, 11893, 190, 1, 1
libphonenumber, 2048, 123, 9, 14, 1902, 14560, 146, 20, 20
mockito, 5871, 258, 5, 22, 2311, 13629, 196, 10, 326
presto, 20641, 344, 17, 145, 4533, 14385, 0, 308, 1208
technology-talk, 278, 1, 0, 1, 3559, 12923, 0, 2, 10
recyclerview-animators, 302, 29, 2, 5, 1943, 11180, 0, 3, 107
PermissionsDispatcher, 787, 31, 3, 2, 1422, 11093, 40, 4, 26
uCrop, 359, 52, 3, 10, 1998, 11399, 15, 26, 253
Android, 41, 1, 0, 1, 3387, 12967, 0, 12, 59
en.javascript.info, 6416, 442, 4, 27, 3383, 19903, 0, 40, 130
tink, 5867, 101, 12, 19, 1155, 12971, 21, 22, 123
elasticsearch-analysis-ik, 259, 36, 1, 5, 3067, 14673, 183, 17, 361
guice, 2026, 62, 4, 7, 1607, 11736, 15, 71, 400
lombok, 3481, 117, 9, 3, 2174, 11727, 3, 14, 794
jedis, 2118, 176, 3, 8, 3659, 10879, 73, 50, 184
webmagic, 1205, 44, 8, 40, 4076, 10681, 23, 30, 334
javascript-patterns, 360, 69, 3, 3, 1653, 9308, 0, 4, 19
jib, 2239, 105, 5, 21, 1329, 12456, 145, 16, 131
labs, 718, 111, 17, 25, 5217, 11091, 0, 81, 135
spark, 1067, 125, 5, 11, 1548, 9438, 0, 56, 250
glide-transformations, 239, 16, 2, 1, 1413, 9727, 0, 5, 55
spring-boot-admin, 2006, 140, 7, 20, 2911, 11462, 98, 5, 44
awesome-kotlin, 1360, 302, 7, 2, 1129, 10283, 0, 0, 20
auto, 1556, 76, 3, 11, 1144, 9992, 57, 16, 82
awesome-self-supervised-learning, 182, 76, 0, 1, 755, 5393, 0, 1, 1
awesome-eslint, 293, 102, 0, 1, 207, 3417, 0, 0, 5
awesome-json-datasets, 259, 69, 1, 6, 336, 2727, 0, 1, 4
awesome-copycats, 879, 38, 1, 2, 503, 2774, 0, 0, 0
awesome-pentest-cheat-sheets, 76, 3, 0, 1, 654, 3094, 0, 7, 12
awesome-django, 494, 66, 3, 3, 971, 6522, 0, 1, 2
awesome-compose, 267, 61, 14, 11, 3451, 20837, 0, 43, 83
awesome-etl, 75, 14, 0, 1, 316, 2783, 0, 7, 13
awesome-online-ide, 223, 41, 0, 1, 252, 2850, 0, 1, 11
bug-bounty-reference, 200, 19, 0, 1, 781, 3184, 0, 3, 5
awesome-knowledge-distillation, 145, 21, 0, 1, 467, 3001, 0, 0, 0
Context-Menu.iOS, 56, 10, 2, 2, 251, 1843, 1, 0, 3
WhatsNewKit, 619, 12, 1, 3, 146, 2876, 27, 0, 1
awesome-kotlin, 193, 61, 0, 1, 281, 2327, 0, 0, 8
awesome-github, 120, 12, 0, 1, 488, 2026, 0, 0, 0
ios_top_1000, 5, 1, 1, 1, 298, 1831, 0, 0, 0
material-design-data, 34, 4, 1, 1, 292, 1868, 0, 0, 0
awesome-python3-webapp, 2, 1, 0, 18, 2815, 2200, 0, 11, 34
awesome-devblog, 3, 1, 0, 1, 2, 1, 0, 0, 0
awesome-devenv, 147, 45, 0, 1, 170, 2442, 0, 15, 16
ruby-bookmarks, 305, 58, 0, 1, 315, 2068, 0, 1, 3
awesome-iot, 284, 61, 0, 1, 393, 2678, 0, 1, 1
awesome-powershell, 249, 41, 1, 3, 368, 3744, 0, 5, 7
awesome-mobx, 155, 40, 0, 3, 147, 2140, 0, 2, 11
awesome-computer-history, 172, 17, 0, 1, 141, 2377, 0, 13, 16
slidesjs, 120, 3, 1, 6, 358, 1730, 0, 41, 344
Awesome-Unity-Shader, 65, 1, 2, 1, 952, 3264, 0, 0, 1
awesome-godot, 268, 51, 0, 4, 9, 233, 0, 0, 0
AwesomePerfCpp, 44, 6, 2, 1, 227, 2144, 0, 1, 2
awesome-yii2, 85, 13, 0, 1, 537, 1815, 0, 0, 0
awesome-point-cloud-analysis, 241, 15, 0, 1, 697, 3592, 0, 2, 2
books, 352, 44, 0, 1, 542, 4237, 0, 6, 7
awesome-resty, 365, 33, 0, 1, 250, 2224, 0, 0, 2
awesome-reverse-engineering, 5, 1, 0, 1, 751, 3693, 1, 1, 3
guides, 70, 8, 0, 1, 237, 2037, 0, 2, 2
awesome-mental-health, 131, 15, 1, 1, 132, 2562, 0, 8, 10
awesome-newsletters, 486, 130, 2, 4, 257, 3169, 0, 0, 10
naftis, 123, 9, 1, 6, 241, 1889, 8, 2, 25
awesome-love2d, 513, 100, 0, 2, 178, 2582, 0, 1, 1
awesome-robotics, 82, 31, 0, 1, 626, 3107, 0, 3, 6
awesome-interactive-journalism, 113, 8, 0, 1, 95, 1816, 0, 4, 5
awesome-animation, 10, 2, 0, 1, 189, 1684, 0, 0, 1
awesome-php, 230, 4, 0, 1, 443, 1823, 0, 3, 3
awesome-vulkan, 379, 62, 0, 1, 244, 2707, 0, 0, 2
awesome-startup-credits, 131, 17, 0, 1, 150, 2172, 0, 6, 7
awesome-machine-learning-interpretability, 409, 30, 0, 5, 497, 2829, 0, 6, 11
vim-awesome, 545, 17, 8, 295, 97, 1964, 2, 5, 61
awesome-awesome, 130, 37, 0, 1, 242, 2297, 0, 7, 8
awesome-apache-airflow, 350, 67, 1, 1, 431, 3208, 0, 0, 2
go_spider, 178, 4, 1, 1, 478, 1802, 4, 2, 22
devmap, 170, 8, 0, 2, 567, 2200, 1, 0, 0
awesome-gis, 345, 52, 0, 3, 582, 3238, 0, 7, 16
awesome-php-cn, 21, 3, 0, 1, 526, 1773, 0, 0, 2
awesome-opensource-apps, 300, 48, 0, 2, 527, 2641, 0, 34, 36
vue-fontawesome, 171, 37, 2, 20, 142, 2356, 29, 20, 68
awesome-java, 131, 5, 0, 1, 1552, 7796, 0, 0, 8
awesome-taro, 104, 43, 0, 2, 269, 2425, 0, 0, 2
awesome-jupyter, 214, 72, 0, 3, 348, 3136, 0, 1, 3
Awesome-Android-Notebook, 464, 1, 0, 1, 1144, 3168, 0, 0, 4
awesome-analytics, 194, 63, 0, 1, 410, 3504, 0, 30, 35
vertx-awesome, 446, 102, 0, 1, 277, 1993, 0, 0, 0
alfred-workflows, 275, 29, 0, 1, 110, 2473, 0, 3, 3
awesome-alfred-workflows, 166, 40, 0, 1, 116, 2675, 0, 1, 1
Awesome-Scene-Text-Recognition, 27, 8, 0, 1, 405, 1644, 0, 0, 4
react-native-awesome, 64, 4, 0, 4, 404, 1711, 0, 3, 5
awesome-learning-resources, 488, 129, 0, 2, 748, 4752, 0, 4, 4
Awesome-Chatbot, 11, 1, 1, 1, 393, 1892, 0, 2, 2
awesome-weex, 61, 3, 0, 1, 200, 1536, 0, 0, 0
Tvlist-awesome-m3u-m3u8, 49, 1, 0, 1, 2381, 16784, 0, 1, 13
awesome-opensource-documents, 72, 10, 0, 2, 156, 1804, 0, 1, 9
awesome-deep-text-detection-recognition, 48, 5, 0, 1, 518, 2433, 0, 1, 10
awesome-typescript, 56, 9, 0, 1, 343, 3470, 0, 9, 62
frontendDaily, 2433, 2, 3, 1, 187, 2140, 0, 0, 1344
awesome-PICO-8, 194, 40, 0, 1, 88, 2212, 0, 0, 0
awesome-peer-to-peer, 147, 12, 0, 1, 195, 2133, 0, 7, 13
zaobao, 1248, 11, 2, 2, 164, 2195, 0, 0, 8
awesome-sentence-embedding, 200, 4, 1, 2, 251, 2093, 0, 0, 1
Awesome-Interview, 51, 3, 0, 1, 314, 1741, 0, 1, 1
awesome-console-services, 269, 53, 0, 1, 294, 4469, 0, 4, 7
go-advice, 164, 20, 1, 1, 187, 2612, 0, 0, 1
awesome-sass, 213, 34, 0, 1, 127, 1807, 0, 3, 7
awesome-service-workers, 61, 5, 0, 1, 75, 1614, 0, 5, 5
awesome-cold-showers, 28, 5, 0, 1, 74, 6519, 0, 1, 11
awesome-ios-chart, 59, 3, 0, 1, 235, 1509, 0, 0, 1
AwesomeQRCode, 84, 1, 2, 2, 254, 1795, 8, 3, 20
awesome-mongodb, 160, 54, 0, 1, 273, 2101, 0, 0, 0
ViewPagerLayoutManager, 122, 2, 1, 1, 312, 1717, 22, 1, 56
machine-learning-with-ruby, 179, 12, 1, 1, 158, 1856, 0, 2, 5
awesome-streaming, 145, 41, 0, 3, 257, 2178, 0, 0, 3
awesome-deepbio, 138, 17, 0, 1, 296, 1754, 0, 1, 4
awesome-human-pose-estimation, 45, 6, 0, 1, 408, 2250, 0, 4, 5
awesome-terraform, 440, 123, 0, 2, 613, 3948, 0, 1, 3
planetary.js, 139, 4, 3, 2, 188, 1570, 15, 1, 15
awesome-hand-pose-estimation, 395, 25, 2, 1, 504, 2588, 0, 2, 6
awesome-ocr, 172, 28, 0, 1, 315, 2246, 0, 2, 44
awesome-dot-net-performance, 112, 41, 0, 1, 248, 2875, 0, 1, 6
awesome-vehicle-security, 214, 44, 0, 1, 476, 2309, 0, 0, 3
awesome-embedded-rust, 810, 163, 0, 3, 269, 4053, 0, 1, 18
PEASS-ng, 1381, 56, 6, 3, 2482, 11135, 84, 1, 12
freeCodeCamp, 32261, 397, 8, 9, 30284, 359940, 0, 37, 169
vue, 3545, 349, 5, 13, 32956, 201965, 245, 255, 612
react, 15461, 424, 10, 88, 41097, 200989, 99, 245, 1157
bootstrap, 22201, 366, 5, 89, 75778, 161482, 83, 95, 348
You-Dont-Know-JS, 1879, 173, 0, 5, 29874, 163777, 0, 48, 131
electron, 27013, 383, 12, 370, 13977, 105566, 1119, 101, 1023
axios, 1402, 399, 4, 6, 9972, 98423, 50, 38, 356
node, 38039, 444, 13, 43, 24644, 92914, 325, 387, 1699
free-programming-books-zh_CN, 922, 121, 0, 1, 23860, 98934, 3, 25, 25
angular, 26120, 390, 10, 101, 22382, 86013, 237, 167, 1337
three.js, 40992, 363, 4, 11, 32978, 88424, 140, 137, 506
TypeScript, 34281, 354, 4, 254, 11204, 87886, 166, 249, 6036
material-ui, 21210, 421, 3, 29, 28725, 84147, 392, 190, 1316
30-seconds-of-code, 5491, 251, 1, 1, 10710, 107064, 4, 0, 0
webpack, 15213, 408, 9, 104, 8459, 62420, 382, 162, 349
jquery, 6594, 290, 4, 5, 20399, 57126, 5, 23, 101
redux, 3643, 427, 3, 9, 15023, 59177, 67, 15, 59
atom, 38533, 330, 8, 140, 17986, 59050, 540, 33, 1002
Chart.js, 4401, 425, 4, 7, 11396, 59601, 100, 10, 199
express, 5753, 272, 3, 8, 9909, 59684, 147, 51, 171
deno, 8557, 437, 6, 58, 4652, 87479, 209, 73, 1092
storybook, 47494, 363, 12, 272, 7962, 76248, 1129, 47, 1947
element, 4581, 408, 5, 7, 14229, 53024, 143, 243, 2419
html5-boilerplate, 2434, 244, 2, 4, 11865, 53920, 32, 3, 11
lodash, 8005, 287, 1, 8, 6715, 55454, 2, 158, 461
moment, 3980, 405, 3, 37, 7032, 47176, 0, 54, 252
nodebestpractices, 3756, 218, 6, 89, 8566, 85391, 0, 13, 34
meteor, 33387, 369, 16, 1493, 5105, 43247, 0, 45, 226
ionic-framework, 12183, 399, 10, 203, 13517, 48536, 519, 16, 512
Front-End-Checklist, 697, 107, 0, 2, 5149, 63861, 1, 2, 8
yarn, 2353, 444, 5, 78, 2820, 41039, 150, 147, 1958
materialize, 3878, 245, 3, 24, 4682, 38767, 41, 176, 798
freecodecamp.cn, 8845, 288, 3, 8, 1363, 36498, 0, 11, 151
nw.js, 4892, 109, 10, 89, 3887, 39389, 0, 8, 885
babel, 15619, 420, 7, 15, 5451, 41837, 333, 164, 796
prettier, 7041, 441, 9, 12, 3617, 44700, 93, 237, 1149
serverless, 15574, 360, 7, 13, 5356, 44121, 354, 49, 998
parcel, 2868, 368, 19, 154, 2184, 41900, 25, 84, 757
awesome-nodejs, 838, 330, 0, 1, 5329, 49046, 0, 14, 14
anime, 736, 43, 1, 5, 3602, 44225, 14, 18, 191
awesome-interview-questions, 449, 137, 0, 4, 6604, 52835, 0, 16, 19
Ghost, 32537, 379, 6, 45, 8830, 42295, 619, 54, 86
hyper, 3395, 259, 6, 24, 3239, 40141, 85, 33, 868
project-based-learning, 567, 98, 0, 1, 11986, 87597, 0, 13, 34
33-js-concepts, 595, 114, 1, 2, 6466, 54339, 0, 56, 70
brackets, 17847, 315, 13, 178, 7607, 33499, 69, 169, 2788
jest, 6682, 435, 6, 9, 6140, 41197, 186, 115, 924
pdf.js, 16749, 358, 4, 2, 8814, 41199, 47, 21, 355
hexo, 3585, 165, 2, 5, 4363, 36056, 107, 9, 78
fullPage.js, 2125, 131, 3, 8, 7379, 34339, 83, 20, 176
immutable-js, 1708, 203, 4, 8, 1826, 32439, 65, 23, 120
pixijs, 6310, 380, 4, 58, 4623, 38673, 185, 11, 128
clipboard.js, 396, 54, 3, 13, 4058, 32891, 42, 8, 14
video.js, 3898, 378, 4, 15, 7145, 34902, 271, 27, 403
Leaflet, 7562, 379, 5, 26, 5381, 36646, 30, 121, 476
phaser, 18371, 381, 3, 7, 6843, 33495, 133, 4, 75
async, 1883, 230, 4, 12, 2405, 27793, 7, 10, 21
Rocket.Chat, 22691, 374, 11, 489, 7851, 34623, 731, 572, 3454
nest, 12287, 345, 3, 165, 6371, 53785, 77, 106, 160
gold-miner, 11425, 333, 0, 1, 4786, 31803, 0, 2, 5
underscore, 2830, 262, 2, 7, 5360, 26751, 0, 18, 48
taro, 9006, 358, 11, 43, 4313, 32168, 139, 40, 951
vuetify, 11837, 439, 8, 80, 6541, 36326, 457, 92, 1242
nylas-mail, 6116, 90, 9, 3, 1451, 24713, 53, 27, 1008
select2, 2649, 402, 3, 6, 6209, 25504, 29, 15, 83
Modernizr, 2612, 275, 5, 7, 2997, 25394, 25, 24, 189
front-end-interview-handbook, 611, 150, 2, 3, 4837, 36496, 0, 0, 13
strapi, 26543, 369, 5, 75, 6166, 51425, 262, 85, 408
standard, 1947, 165, 2, 11, 2330, 27862, 4, 12, 98
carbon, 1845, 176, 2, 9, 1778, 31821, 215, 12, 41
vuex, 1208, 311, 2, 14, 9482, 27941, 51, 42, 125
fetch, 654, 63, 2, 6, 2978, 25580, 38, 11, 50
iview, 3031, 151, 3, 35, 4192, 24026, 85, 112, 1223
uppy, 9154, 350, 11, 57, 1767, 26337, 48, 26, 110
lerna, 2491, 295, 5, 20, 2254, 34169, 205, 18, 327
open-source-mac-os-apps, 1264, 275, 0, 5, 2087, 33868, 0, 35, 74
date-fns, 1930, 358, 3, 24, 1568, 30781, 105, 135, 520
webtorrent, 3268, 158, 2, 4, 2599, 27429, 90, 7, 91
mobx, 3180, 285, 5, 16, 1686, 26073, 82, 11, 30
rxjs, 5197, 432, 6, 16, 2848, 28306, 0, 47, 254
sequelize, 9825, 382, 3, 43, 4017, 27350, 437, 78, 831
particles.js, 235, 13, 1, 2, 4631, 26760, 6, 55, 346
layui, 824, 36, 2, 2, 7039, 26777, 68, 1, 8
ember.js, 21952, 344, 4, 59, 4221, 22380, 477, 81, 449
tesseract.js, 681, 64, 2, 17, 1954, 29340, 38, 12, 34
hammer.js, 1199, 78, 3, 9, 2613, 23368, 0, 34, 307
project-guidelines, 169, 66, 1, 4, 3157, 28438, 0, 3, 13
sheetjs, 769, 178, 6, 3, 7258, 32110, 0, 11, 123
sweetalert, 363, 61, 5, 10, 2306, 22199, 13, 29, 187
flow, 15146, 360, 12, 177, 1835, 21936, 279, 77, 2167
uni-app, 10097, 199, 5, 12, 3391, 37599, 0, 16, 1088
html2canvas, 1066, 45, 4, 6, 3935, 27441, 45, 58, 871
uBlock, 10391, 99, 7, 4, 2228, 34131, 265, 1, 14
react-starter-kit, 41, 6, 4, 8, 4021, 21690, 5, 1, 2
coding-interview-university, 2315, 278, 0, 1, 59954, 245172, 0, 12, 51
the-art-of-command-line, 1208, 149, 0, 2, 12388, 126403, 0, 105, 204
animate.css, 662, 115, 4, 13, 16095, 76894, 22, 24, 45
computer-science, 991, 127, 0, 5, 16586, 131310, 0, 0, 14
LeetCodeAnimation, 246, 16, 3, 1, 13492, 72203, 0, 0, 16
FiraCode, 571, 106, 8, 2, 2928, 68335, 29, 4, 353
crayon, 118, 6, 3, 3, 56, 780, 0, 1, 17
AESCrypt-ObjC, 12, 3, 1, 1, 211, 781, 0, 5, 18
CA360, 45, 1, 2, 2, 120, 725, 0, 0, 1
grunt-contrib-connect, 267, 39, 1, 3, 148, 719, 2, 2, 32
select2-bootstrap-css, 88, 6, 5, 3, 192, 689, 0, 0, 5
grunt-contrib-less, 306, 56, 2, 4, 182, 678, 4, 2, 26
Chateau, 38, 3, 2, 2, 92, 671, 0, 0, 7
cgrep, 716, 9, 19, 3, 38, 701, 1, 0, 3
awesome-cpp, 1574, 330, 0, 2, 6522, 43184, 0, 70, 421
vue-cli, 3531, 461, 7, 21, 6349, 29549, 177, 140, 1025
swift-algorithm-club, 2534, 246, 4, 11, 4713, 27323, 0, 29, 58
Charts, 1787, 141, 5, 7, 5404, 26359, 36, 92, 906
awesome-react-components, 860, 224, 0, 2, 2842, 34283, 0, 1, 1
cheerio, 2356, 125, 2, 2, 1471, 25865, 57, 1, 11
grpc, 52495, 323, 23, 215, 9541, 36855, 225, 209, 788
angular-cli, 10110, 427, 10, 18, 12004, 25906, 563, 8, 213
composer, 12032, 387, 1, 3, 6424, 27294, 171, 16, 133
ItChat, 188, 16, 1, 2, 4918, 22770, 13, 15, 258
imgui, 7180, 313, 7, 13, 7442, 44921, 82, 138, 828
codemirror5, 7135, 416, 4, 7, 4838, 25630, 166, 26, 412
vim, 17547, 168, 34, 1, 4524, 29429, 0, 149, 1358
ReactiveCocoa, 8656, 205, 4, 13, 3471, 19974, 83, 3, 5
calculator, 784, 86, 5, 38, 4685, 26565, 0, 16, 291
components, 10506, 439, 7, 87, 6320, 23285, 343, 136, 1845
cypress, 19339, 403, 10, 1967, 2657, 42411, 294, 62, 2856
interactive-coding-challenges, 790, 40, 2, 2, 4185, 26783, 0, 37, 70
the-swift-programming-language-in-chinese, 2511, 209, 2, 14, 4981, 20704, 1, 1, 10
FFmpeg, 109662, 306, 15, 33, 8947, 33750, 0, 1, 1
consul, 19457, 358, 10, 772, 4161, 25928, 126, 188, 1206
awesome-python-cn, 213, 31, 1, 2, 7007, 25658, 0, 10, 19
obs-studio, 12116, 415, 12, 10, 6370, 45090, 173, 248, 688
cheat.sh, 901, 48, 7, 9, 1624, 34507, 0, 12, 110
json, 4522, 238, 9, 9, 5674, 33402, 43, 33, 81
docker-cheat-sheet, 432, 93, 0, 2, 4224, 21337, 0, 1, 6
cockroach, 77010, 332, 22, 247, 3296, 26469, 0, 852, 6061
CodeIgniter, 10336, 352, 7, 4, 7391, 18191, 0, 19, 50
corefx, 4, 3, 0, 15, 5071, 17856, 113, 0, 0
commander.js, 1193, 157, 2, 11, 1658, 24121, 72, 1, 5
homebrew-cask, 165709, 398, 3, 1, 9987, 19726, 81, 14, 32
the-super-tiny-compiler, 13, 5, 1, 1, 2447, 24512, 0, 11, 11
architecture-components-samples, 634, 61, 4, 26, 8147, 22544, 0, 39, 185
Real-Time-Voice-Cloning, 295, 16, 1, 1, 6847, 38860, 0, 4, 84
caniusepython3, 593, 41, 1, 1, 61, 411, 3, 1, 8
CreditsRoll, 5, 1, 3, 1, 61, 413, 1, 0, 1
capistrano-unicorn, 148, 24, 1, 1, 109, 405, 0, 6, 19
couchrest, 617, 27, 0, 4, 60, 402, 0, 0, 7
fishbone.js, 74, 3, 2, 1, 27, 401, 0, 2, 5
gulp-docs-zh-cn, 68, 6, 0, 2, 60, 407, 0, 0, 3
papa-carlo, 162, 3, 3, 2, 25, 434, 0, 0, 6
Curassow, 159, 8, 3, 6, 34, 397, 13, 2, 5
gank.io-unofficial-android-client, 128, 1, 1, 2, 78, 388, 1, 0, 0
ObjQREncoder, 3, 2, 2, 1, 103, 392, 0, 2, 9
realm-swift, 12050, 129, 8, 147, 2094, 15717, 244, 45, 408
eShopOnContainers, 4097, 158, 12, 34, 9426, 22359, 10, 22, 46
Carthage, 4336, 179, 4, 15, 1590, 14732, 76, 18, 182
blessed-contrib, 408, 47, 1, 5, 886, 15031, 0, 11, 88
css-modules, 69, 19, 0, 2, 556, 16585, 0, 13, 122
WeChatPlugin-MacOS, 1, 1, 6, 2, 2231, 13121, 15, 3, 134
core, 4018, 305, 2, 7, 4692, 18545, 192, 11, 427
fmdb, 624, 77, 5, 11, 2724, 13726, 5, 39, 268
chromeless, 559, 42, 2, 22, 593, 13243, 7, 26, 198
core-js, 4964, 107, 3, 8, 1339, 17882, 218, 4, 26
Screenshot-to-code, 178, 6, 4, 2, 1385, 13913, 0, 3, 20
python-cheatsheet, 2315, 10, 4, 1, 5571, 31538, 0, 19, 26
CheatSheetSeries, 1540, 302, 5, 3, 3214, 22755, 0, 1, 28
cool-retro-term, 787, 58, 6, 15, 750, 18173, 8, 22, 414
radare2, 29712, 361, 24, 48, 2756, 17440, 86, 20, 839
awesome-computer-vision, 206, 30, 0, 1, 3670, 17671, 0, 49, 68
Front-End-Performance-Checklist, 216, 44, 0, 1, 995, 15508, 0, 8, 18
react-canvas, 84, 15, 1, 1, 930, 12982, 0, 17, 81
awesome-cheatsheets, 733, 121, 6, 3, 5068, 32122, 0, 59, 82
RetroPie-Setup, 7331, 166, 7, 1, 1335, 9644, 32, 44, 97
raspberry-pi-os, 498, 50, 8, 3, 1189, 11966, 0, 3, 52
qt, 874, 36, 11, 1, 721, 9623, 0, 3, 362
awesome-raspberry-pi, 481, 125, 3, 1, 842, 10893, 0, 1, 3
poisontap, 41, 8, 3, 1, 999, 5878, 0, 5, 91
firmware, 1268, 17, 6, 4, 1621, 4740, 0, 0, 360
home-automation, 48, 1, 3, 1, 265, 3382, 0, 0, 11
documentation, 5032, 412, 6, 10, 1860, 4754, 1, 7, 29
pivpn, 939, 69, 1, 3, 530, 5762, 30, 2, 8
P4wnP1, 245, 7, 4, 3, 621, 3529, 1, 15, 115
blynk-library, 1918, 28, 7, 1, 1284, 3570, 34, 6, 21
coder, 82, 4, 6, 2, 282, 2412, 0, 5, 66
raspotify, 426, 20, 3, 2, 201, 4124, 74, 0, 1
raspberrypi, 195, 5, 4, 1, 460, 2558, 0, 5, 31
tensorflow-on-raspberry-pi, 79, 5, 1, 6, 500, 2202, 10, 1, 73
rpi-update, 200, 32, 1, 1, 223, 1938, 0, 4, 20
rpi-rgb-led-matrix, 897, 62, 6, 6, 922, 2967, 0, 33, 465
noobs, 390, 33, 18, 2, 441, 2166, 26, 14, 61
PiCAST, 178, 4, 2, 4, 264, 1730, 0, 10, 25
userland, 834, 87, 8, 3, 973, 1989, 0, 27, 101
gokrazy, 269, 18, 5, 2, 93, 2574, 0, 1, 23
audio-reactive-led-strip, 209, 12, 2, 5, 507, 2458, 0, 6, 104
RF24, 910, 75, 5, 6, 938, 1981, 30, 3, 13
node-sonos-http-api, 524, 56, 3, 10, 439, 1727, 5, 22, 185
BerryNet, 387, 7, 5, 12, 233, 1571, 9, 9, 20
heimcontrol.js, 157, 7, 3, 2, 310, 1415, 0, 6, 64
awesome-raspberry-pi-zh, 11, 3, 0, 1, 329, 2015, 0, 0, 0
Adafruit-Raspberry-Pi-Python-Code, 170, 30, 0, 2, 660, 1409, 0, 0, 0
crankshaft, 681, 12, 4, 9, 234, 1871, 46, 3, 56
go-rpio, 113, 14, 1, 1, 209, 1975, 13, 10, 36
pibakery, 86, 12, 5, 2, 156, 1473, 15, 4, 71
OctoPi, 662, 48, 3, 33, 325, 2149, 16, 2, 105
WiringPi, 181, 21, 5, 2, 989, 2075, 1, 26, 50
rpi_ws281x, 266, 62, 4, 3, 535, 1634, 0, 8, 93
picamera, 929, 21, 2, 8, 331, 1506, 0, 27, 272
mraa, 1812, 109, 7, 39, 553, 1300, 0, 24, 183
.github, 6, 1, 0, 1, 0, 0, 0, 0, 0
LCD-show, 371, 2, 6, 2, 635, 1909, 0, 9, 221
Debian-Pi-Aarch64, 1909, 2, 2, 1, 365, 2594, 0, 0, 5
nextcloudpi, 1543, 53, 7, 26, 263, 1907, 22, 18, 116
gpiozero, 1493, 48, 2, 3, 269, 1645, 0, 9, 130
PiFmRds, 79, 7, 3, 2, 297, 1278, 0, 11, 80
rpi-open-firmware, 159, 8, 7, 5, 100, 1087, 0, 1, 18
Adafruit_Python_DHT, 77, 19, 3, 4, 950, 1085, 1, 0, 0
raspberry-pi-dramble, 397, 10, 3, 5, 255, 1647, 0, 1, 15
raspberry_pwn, 59, 10, 11, 2, 189, 987, 0, 2, 8
goSecure, 50, 4, 5, 3, 176, 948, 0, 3, 6
docker-homebridge, 430, 15, 2, 1, 212, 2322, 57, 0, 7
Raspberry-Pi, 3, 1, 0, 1, 64, 921, 0, 0, 0
IOTstack, 185, 15, 2, 3, 267, 1459, 0, 17, 103
image-builder-rpi, 640, 16, 4, 1, 167, 1063, 94, 2, 47
docker-arm, 141, 4, 6, 2, 107, 875, 2, 1, 10
dockerpi, 53, 6, 2, 2, 131, 1487, 0, 2, 34
TensorFlow-Object-Detection-on-the-Raspberry-Pi, 63, 3, 1, 1, 349, 1085, 0, 0, 61
codebuilds, 20628, 292, 4, 4, 56, 1042, 27, 9, 73
raspi3-tutorial, 128, 12, 2, 1, 298, 2347, 0, 0, 0
Adafruit-Pi-Finder, 266, 4, 3, 2, 81, 841, 10, 0, 33
groundcontrol, 52, 7, 4, 2, 50, 770, 1, 0, 8
Raspberry-Pi-Looper-synth-drum-thing, 17, 2, 1, 1, 100, 933, 0, 0, 6
RaspiBolt, 4, 1, 1, 2, 0, 1, 0, 0, 0
RaspberryPiPkg, 189, 7, 5, 1, 145, 748, 0, 0, 2
PiR.tv, 54, 4, 3, 2, 202, 748, 0, 1, 4
chilipie-kiosk, 163, 13, 2, 1, 149, 1229, 14, 0, 60
pigpio, 363, 36, 9, 4, 343, 1224, 6, 10, 52
self_driving_pi_car, 246, 3, 2, 3, 75, 758, 0, 0, 0
pi-gpio, 42, 5, 1, 2, 116, 712, 0, 3, 21
farmbot_os, 6530, 17, 7, 4, 251, 949, 291, 0, 20
k8s-on-raspbian, 42, 7, 1, 1, 6, 14, 0, 0, 0
pi64, 86, 2, 4, 4, 131, 710, 7, 3, 52
pi_piper, 277, 12, 1, 4, 73, 700, 1, 3, 34
WOA-Deployer-Rpi, 54, 3, 1, 1, 127, 955, 3, 2, 33
OpenVPN-Setup, 153, 2, 1, 3, 139, 763, 1, 5, 47
PiAUISuite, 96, 7, 6, 1, 211, 697, 0, 7, 80
fbcp-ili9341, 347, 13, 5, 7, 204, 1285, 0, 12, 96
SweetSecurity, 99, 2, 4, 2, 190, 754, 0, 3, 40
node-rpio, 251, 9, 4, 12, 115, 836, 0, 14, 49
py-videocore, 392, 12, 1, 3, 86, 760, 0, 0, 5
self_drive, 39, 1, 1, 1, 256, 897, 0, 0, 0
sitewhere, 2659, 15, 3, 59, 370, 922, 34, 4, 120
rpi-firmware, 1070, 6, 6, 3, 167, 779, 0, 0, 25
raspberry-pi-turnkey, 75, 3, 4, 1, 84, 759, 4, 1, 11
chromium_os-raspberry_pi, 163, 5, 4, 5, 189, 1547, 20, 0, 12
pigpio, 304, 9, 4, 1, 85, 896, 0, 2, 7
RaspberryCast, 290, 10, 6, 4, 130, 844, 0, 2, 39
raspberrypiwireguard, 57, 6, 0, 1, 76, 818, 0, 1, 20
RasPlex, 28, 3, 2, 1, 84, 645, 22, 0, 119
freeswitch, 35506, 265, 43, 32, 976, 2140, 7, 203, 705
AlexaPiDEPRECATED, 45, 10, 2, 3, 230, 584, 0, 1, 6
RaspberryWechatPi, 9, 1, 3, 1, 218, 727, 0, 0, 1
gmrender-resurrect, 341, 17, 5, 3, 175, 763, 3, 8, 112
enclosure-picroft, 159, 18, 1, 7, 183, 774, 0, 5, 22
pimatic, 1730, 38, 3, 13, 147, 597, 2, 5, 204
balena-sound, 566, 43, 4, 13, 385, 2089, 0, 6, 105
diy-ipmi, 62, 3, 6, 3, 97, 856, 1, 1, 31
johnny-five, 3362, 130, 3, 17, 1760, 12899, 74, 4, 37
Arduino, 4339, 410, 8, 13, 12823, 14690, 36, 59, 315
Tasmota, 17360, 364, 18, 4, 4055, 19113, 98, 2, 13
Arduino, 7375, 250, 5, 7, 6037, 13355, 37, 108, 767
Marlin, 19085, 403, 16, 7, 13976, 14348, 55, 61, 700
esp8266_deauther, 773, 49, 7, 3, 2253, 11211, 18, 6, 110
gobot, 2710, 131, 3, 10, 979, 8075, 40, 11, 152
lowlevelprogramming-university, 219, 18, 0, 1, 565, 8131, 0, 0, 0
tinygo, 3027, 121, 9, 72, 692, 12191, 31, 108, 493
arduino-esp32, 1996, 461, 6, 19, 6177, 10013, 40, 64, 421
ArduinoJson, 1640, 24, 5, 6, 1028, 6000, 119, 0, 24
platformio-core, 6206, 71, 5, 6, 725, 6544, 121, 4, 168
WiFiManager, 1245, 71, 6, 13, 1598, 5620, 6, 37, 510
FastLED, 1720, 117, 5, 10, 1426, 5674, 12, 40, 393
cylon, 1324, 18, 2, 3, 370, 3956, 0, 3, 47
grbl, 638, 26, 3, 4, 2029, 4886, 0, 14, 500
Arduino-IRremote, 754, 57, 2, 2, 1603, 3845, 29, 0, 0
i2cdevlib, 698, 88, 6, 1, 7384, 3537, 0, 1, 246
pubsubclient, 206, 33, 4, 3, 1222, 3503, 9, 56, 504
usb-serial-for-android, 241, 28, 3, 1, 1353, 3867, 23, 0, 27
arduino-cli, 2226, 69, 4, 41, 327, 3724, 121, 22, 246
grbl, 699, 27, 3, 1, 1295, 3512, 6, 28, 425
wasm3, 1659, 54, 13, 3, 361, 5788, 7, 10, 47
PJON, 2947, 41, 3, 2, 238, 2678, 33, 4, 58
Adafruit_NeoPixel, 397, 67, 2, 6, 1116, 2717, 50, 17, 74
esp-link, 716, 36, 10, 7, 669, 2558, 31, 11, 216
rfid, 516, 68, 1, 1, 1247, 2427, 27, 2, 14
Arduino_STM32, 1484, 101, 18, 15, 1148, 2341, 2, 21, 39
Arduino-Makefile, 754, 74, 4, 3, 435, 1958, 9, 15, 99
OpenMQTTGateway, 1131, 93, 4, 7, 603, 2832, 41, 7, 99
Stino, 297, 24, 1, 4, 244, 1593, 0, 6, 95
nerd, 989, 17, 4, 4, 128, 3392, 0, 1, 10
DHT-sensor-library, 145, 32, 1, 3, 1341, 1762, 23, 13, 22
IRremoteESP8266, 1122, 100, 5, 4, 703, 2333, 62, 3, 28
rc-switch, 180, 24, 1, 1, 571, 1686, 6, 39, 284
noduino, 34, 6, 2, 2, 227, 1221, 0, 1, 22
HID, 500, 18, 3, 1, 348, 2021, 19, 8, 76
esp8266-oled-ssd1306, 365, 44, 5, 2, 560, 1778, 19, 2, 17
Sming, 2053, 86, 19, 7, 332, 1333, 41, 6, 90
Arduino-PID-Library, 16, 3, 1, 1, 925, 1617, 2, 21, 75
homie-esp8266, 651, 49, 5, 8, 289, 1327, 14, 7, 84
arduino, 563, 47, 3, 14, 486, 1396, 15, 11, 83
ino, 140, 8, 3, 2, 218, 1085, 0, 32, 159
USB_Host_Shield_2.0, 1448, 48, 2, 10, 706, 1561, 0, 10, 217
arduinoWebSockets, 418, 46, 6, 11, 491, 1631, 23, 10, 200
aREST, 323, 8, 2, 3, 269, 1157, 29, 17, 98
Arduino, 1484, 22, 3, 1, 3372, 1277, 15, 0, 0
Adafruit_SSD1306, 249, 34, 5, 4, 813, 1505, 40, 23, 59
Low-Power, 35, 4, 1, 1, 310, 1212, 6, 16, 48
duino, 171, 9, 2, 2, 149, 956, 0, 17, 35
device-os, 12420, 76, 14, 411, 479, 1018, 150, 35, 35
keysweeper, 42, 4, 7, 1, 254, 1041, 0, 0, 6
TinyGSM, 1062, 32, 3, 2, 572, 1601, 25, 36, 248
u8glib, 1084, 10, 12, 2, 302, 1143, 0, 5, 160
WS2812FX, 174, 17, 2, 2, 303, 1404, 7, 0, 6
wifi_ducky, 80, 4, 5, 1, 283, 1170, 2, 1, 43
Arduino_Core_STM32, 2746, 127, 9, 2, 781, 2114, 30, 8, 26
EtherCard, 420, 52, 2, 4, 411, 974, 2, 13, 68
RF24, 214, 2, 8, 6, 563, 925, 0, 19, 90
aaduino, 18, 3, 1, 1, 73, 814, 0, 0, 0
ferret, 1644, 7, 1, 4, 45, 1026, 0, 4, 12
Time, 74, 18, 2, 1, 607, 1112, 4, 23, 84
arduino_midi_library, 434, 15, 5, 7, 219, 1351, 8, 9, 53
TFT_eSPI, 1046, 36, 5, 1, 734, 2356, 39, 2, 8
Open-Home-Automation, 142, 4, 2, 2, 186, 903, 0, 2, 13
ATTinyCore, 1600, 42, 8, 29, 277, 1299, 36, 3, 24
ArduinoJoystickLibrary, 128, 5, 1, 3, 358, 1693, 6, 12, 109
firebase-arduino, 564, 17, 5, 22, 476, 906, 4, 22, 206
Webduino, 133, 15, 4, 2, 208, 746, 0, 2, 18
LED_CUBE, 17, 3, 1, 1, 373, 1036, 1, 1, 4
ESP3D, 656, 11, 8, 6, 418, 1459, 15, 1, 15
433Utils, 68, 18, 2, 2, 335, 851, 0, 8, 48
NeoPixelBus, 333, 34, 2, 9, 231, 1054, 57, 4, 44
Wi-PWN, 285, 16, 7, 3, 280, 1206, 17, 3, 20
arduino-LoRa, 106, 17, 1, 2, 533, 1326, 0, 23, 137
esp8266-weather-station, 280, 26, 3, 3, 340, 965, 29, 2, 6
paper-signals, 22, 5, 2, 1, 109, 732, 0, 2, 14
vscode-arduino, 1033, 67, 6, 16, 181, 1003, 117, 15, 227
MPU9250, 128, 4, 1, 1, 399, 924, 0, 4, 383
ArduinoThread, 69, 10, 1, 1, 183, 872, 5, 6, 16
Repetier-Firmware, 1075, 39, 9, 4, 643, 788, 0, 17, 320
ESP8266Audio, 320, 43, 5, 1, 359, 1573, 13, 19, 157
Arduino-Temperature-Control-Library, 230, 36, 1, 4, 466, 891, 8, 0, 8
optiboot, 285, 25, 5, 2, 351, 960, 3, 9, 59
Adafruit_Sensor, 86, 18, 1, 2, 633, 846, 12, 0, 8
ArduinoOBD, 458, 2, 2, 1, 487, 857, 0, 8, 58
Sonoff-MQTT-OTA-Arduino, 224, 2, 6, 1, 199, 621, 3, 3, 55
arduino-lmic, 108, 7, 2, 5, 368, 684, 0, 1, 165
ESP32-Paxcounter, 3344, 35, 5, 3, 312, 1131, 68, 2, 16
attiny, 51, 7, 1, 4, 199, 680, 0, 7, 38
arduino-mqtt, 543, 14, 4, 1, 202, 859, 48, 3, 39
Brutal, 69, 3, 4, 1, 250, 890, 0, 1, 5
wrmhl, 39, 3, 2, 2, 63, 625, 1, 2, 15
howmanypeoplearearound, 123, 11, 2, 2, 383, 6697, 1, 4, 24
BossSensor, 61, 4, 1, 1, 1102, 6150, 0, 0, 23
haven, 987, 54, 5, 10, 728, 6302, 37, 3, 137
cartographer, 1176, 52, 9, 1, 2020, 6329, 5, 10, 197
maltrail, 85843, 37, 6, 6, 897, 4926, 42, 4, 68
LSTM-Human-Activity-Recognition, 29, 2, 2, 1, 902, 3093, 0, 2, 19
sensey, 262, 3, 2, 3, 269, 2654, 13, 0, 28
react-visibility-sensor, 263, 29, 2, 5, 187, 2259, 0, 17, 80
easydeviceinfo, 209, 4, 2, 3, 224, 1725, 16, 3, 10
Pedometer, 490, 26, 1, 1, 663, 1413, 3, 4, 31
VINS-Fusion, 41, 4, 6, 1, 1069, 2552, 0, 13, 157
MySensors, 2109, 100, 8, 2, 855, 1250, 13, 26, 161
thingspeak, 294, 8, 6, 8, 310, 999, 0, 13, 35
mini-graph-card, 315, 37, 2, 12, 191, 2212, 44, 8, 103
swatd, 54, 6, 3, 1, 49, 851, 0, 0, 2
EdgeML, 890, 29, 14, 35, 347, 1372, 2, 15, 26
DIY-Thermocam, 362, 3, 2, 1, 160, 1001, 4, 3, 17
python-broadlink, 303, 73, 1, 9, 430, 1208, 15, 15, 84
user.activity, 27, 4, 1, 1, 45, 738, 0, 0, 0
DumpsterFire, 158, 1, 1, 1, 144, 895, 1, 1, 4
LittleD, 14, 2, 4, 1, 51, 710, 0, 0, 13
vive-diy-position-sensor, 69, 3, 4, 2, 106, 853, 2, 2, 11
HWSensors, 1464, 18, 6, 5, 132, 667, 24, 1, 184
upm, 2156, 58, 9, 8, 409, 638, 17, 7, 62
Azure-Kinect-Sensor-SDK, 686, 34, 10, 14, 539, 1289, 2, 13, 292
GSLAM, 60, 1, 7, 5, 246, 864, 4, 0, 18
DoorSignView, 34, 1, 1, 1, 81, 565, 4, 0, 1
react-native-sensors, 351, 51, 6, 38, 211, 808, 43, 15, 36
RPi-KittyCam, 38, 3, 1, 2, 55, 576, 0, 2, 4
ethzasl_msf, 666, 15, 6, 31, 376, 839, 0, 7, 67
science-journal-ios, 317, 13, 5, 13, 66, 532, 0, 2, 34
gast-lib, 28, 2, 4, 4, 227, 509, 0, 0, 5
MPU6050, 68, 4, 1, 3, 186, 662, 0, 0, 34
depth_clustering, 91, 1, 4, 3, 351, 969, 2, 0, 7
science-journal, 2451, 13, 4, 3, 147, 507, 6, 4, 38
w1thermsensor, 311, 25, 1, 7, 107, 483, 5, 0, 8
macchina.io, 1126, 8, 16, 10, 144, 489, 12, 5, 38
GrovePi, 1114, 67, 14, 3, 430, 476, 0, 4, 45
sensors-software, 1572, 49, 12, 8, 276, 539, 1, 8, 196
LiveScan3D, 59, 5, 4, 3, 187, 670, 2, 2, 32
librekinect, 14, 3, 3, 1, 65, 399, 0, 2, 26
Sensor, 28, 3, 6, 2, 141, 378, 0, 2, 14
walt, 313, 8, 8, 1, 75, 420, 8, 3, 25
razor-9dof-ahrs, 66, 3, 5, 3, 241, 428, 1, 7, 60
react-native-incall-manager, 183, 32, 4, 5, 163, 478, 17, 2, 77
parallaxify, 25, 4, 1, 2, 84, 356, 0, 0, 3
lm-sensors, 5315, 51, 8, 4, 219, 704, 0, 45, 201
Hue-sensors-HASS, 313, 21, 1, 5, 70, 355, 40, 1, 23
rpi-appliance-monitor, 122, 12, 1, 1, 58, 401, 0, 0, 10
pi-sensor-free-presence-detector, 7, 1, 1, 1, 55, 364, 0, 0, 3
miflora-mqtt-daemon, 102, 28, 2, 2, 128, 542, 0, 2, 69
tracking-with-Extended-Kalman-Filter, 54, 1, 3, 1, 234, 569, 0, 0, 8
mastering_ros, 29, 3, 6, 1, 270, 421, 0, 0, 23
ESP-MQTT-JSON-Multisensor, 41, 7, 1, 1, 151, 338, 0, 8, 39
OSCeleton, 68, 3, 4, 1, 66, 310, 0, 3, 17
iot-433mhz, 355, 1, 4, 1, 47, 316, 2, 0, 19
konnected-security, 402, 14, 6, 21, 325, 401, 35, 6, 7
Arduino, 47, 2, 5, 1, 296, 321, 0, 2, 5
ironbee, 7991, 9, 21, 21, 62, 293, 0, 1, 7
simplebeerservice, 62, 4, 3, 5, 79, 314, 2, 6, 8
alfred, 462, 6, 2, 2, 133, 801, 1, 0, 10
xamarin-fingerprint, 289, 12, 3, 4, 108, 456, 0, 3, 58
gnss-ins-sim, 258, 6, 3, 1, 251, 822, 5, 0, 0
node-dht-sensor, 238, 8, 4, 5, 62, 299, 0, 5, 10
HandTracker, 38, 2, 3, 3, 81, 298, 0, 0, 8
SIM7000-LTE-Shield, 1029, 12, 0, 1, 218, 460, 4, 0, 110
ethzasl_sensor_fusion, 64, 3, 3, 4, 145, 312, 0, 0, 30
miflora, 191, 20, 2, 4, 91, 356, 3, 3, 13
CapacitiveSensor, 39, 11, 1, 1, 128, 339, 4, 4, 16
BME280_driver, 37, 5, 1, 1, 200, 363, 11, 11, 11
sensor-visualizer-kit, 14, 1, 2, 1, 10, 246, 0, 1, 1
Adafruit-Fingerprint-Sensor-Library, 139, 21, 1, 5, 301, 340, 21, 6, 15
PlantWateringAlarm, 59, 2, 4, 6, 79, 306, 0, 0, 2
Fingerprint2Sleep, 142, 4, 2, 2, 77, 251, 5, 2, 2
Clight, 887, 14, 4, 3, 24, 543, 27, 1, 18
sense-js, 61, 3, 2, 1, 21, 224, 1, 0, 0
STMems_Standard_C_drivers, 986, 18, 1, 2, 466, 556, 3, 1, 9
VeloView, 2422, 16, 3, 1, 169, 295, 0, 3, 3
soletta, 3086, 34, 14, 1, 111, 227, 23, 5, 104
ha-wyzesense, 161, 10, 1, 2, 95, 365, 9, 6, 92
lidar_align, 80, 2, 2, 5, 207, 601, 0, 1, 22
node-sensortag, 139, 12, 1, 1, 110, 216, 0, 4, 14
SmartIMU, 174, 2, 9, 1, 160, 258, 2, 0, 0
Validity91, 31, 2, 2, 1, 19, 232, 0, 1, 7
Adafruit_BME280_Library, 138, 27, 1, 4, 263, 297, 23, 2, 4
PulseSensor_Amped_Arduino, 165, 4, 1, 1, 203, 228, 0, 4, 43
FileSensor, 9, 1, 1, 1, 78, 242, 0, 1, 1
NaveGo, 541, 3, 1, 4, 189, 457, 8, 0, 10
home-assistant-config, 240, 1, 6, 12, 56, 313, 6, 0, 25
vl53l0x-arduino, 44, 8, 1, 1, 127, 288, 0, 4, 11
ros-sensor-fusion-tutorial, 21, 2, 0, 1, 153, 512, 0, 0, 4
react-native-sensor-manager, 45, 8, 2, 1, 63, 230, 0, 7, 29
weatherstation, 68, 9, 1, 2, 69, 214, 0, 0, 4
OctoPrint-Enclosure, 530, 40, 5, 4, 177, 374, 28, 7, 156
SensorDashboard, 103, 4, 1, 2, 109, 229, 0, 0, 0
BME680_driver, 30, 3, 2, 1, 78, 251, 10, 2, 2